"code","descriptor","compcatid","cost","uom","active","id","created_at","updated_at"
"","13th Month Pay","3DB13DBA636311E5B83800FF59FBB323",999.99,"TRAN",0,"0611C759637011E5B83800FF59FBB323","0000-00-00 00:00:00","2015-09-25 18:31:32"
"","Marlboro Menthol 10","3E0380D3636311E5B83800FF59FBB323",17.40,"PACK",1,"06156841637011E5B83800FF59FBB323","0000-00-00 00:00:00","2015-09-25 18:31:32"
"","Lipton Ice tea 1L","3DC1FC28636311E5B83800FF59FBB323",114.29,"PACK",1,"0615D0AA637011E5B83800FF59FBB323","0000-00-00 00:00:00","2015-09-25 18:31:32"
"","Lipton tea","3DC1FC28636311E5B83800FF59FBB323",3.78,"SACHET",1,"06163FD0637011E5B83800FF59FBB323","0000-00-00 00:00:00","2015-09-25 18:31:32"
"","Mango Juice","3DC1FC28636311E5B83800FF59FBB323",2.92,"ORDER",1,"061B5CB3637011E5B83800FF59FBB323","0000-00-00 00:00:00","2015-09-25 18:31:32"
"","Mirinda","3DC1FC28636311E5B83800FF59FBB323",20.50,"CAN",1,"061BC1EB637011E5B83800FF59FBB323","0000-00-00 00:00:00","2015-09-25 18:31:32"
"","Mountain Dew","3DC1FC28636311E5B83800FF59FBB323",20.50,"CAN",1,"06229D04637011E5B83800FF59FBB323","0000-00-00 00:00:00","2015-09-25 18:31:32"
"","Mug","3DC1FC28636311E5B83800FF59FBB323",20.50,"CAN",1,"06232D26637011E5B83800FF59FBB323","0000-00-00 00:00:00","2015-09-25 18:31:32"
"","Nestle Lemonade 1k","3DC1FC28636311E5B83800FF59FBB323",0.00,"KG",1,"06261FD6637011E5B83800FF59FBB323","0000-00-00 00:00:00","2015-09-25 18:31:32"
"","Orange Juice","3DC1FC28636311E5B83800FF59FBB323",13.30,"ORDER",1,"0626943E637011E5B83800FF59FBB323","0000-00-00 00:00:00","2015-09-25 18:31:33"
"","Pepsi","3DC1FC28636311E5B83800FF59FBB323",20.50,"CAN",1,"062BFFD1637011E5B83800FF59FBB323","0000-00-00 00:00:00","2015-09-25 18:31:33"
"","Pepsi 500ml","3DC1FC28636311E5B83800FF59FBB323",19.83,"BOT",1,"062C796C637011E5B83800FF59FBB323","0000-00-00 00:00:00","2015-09-25 18:31:33"
"","Marlboro Red 10's","3E0380D3636311E5B83800FF59FBB323",27.80,"PACK",1,"062CE497637011E5B83800FF59FBB323","0000-00-00 00:00:00","2015-09-25 18:31:33"
"","Pepsi Light","3DC1FC28636311E5B83800FF59FBB323",20.50,"CAN",1,"0631FF85637011E5B83800FF59FBB323","0000-00-00 00:00:00","2015-09-25 18:31:33"
"","Pepsi Max","3DC1FC28636311E5B83800FF59FBB323",20.50,"CAN",1,"063278FF637011E5B83800FF59FBB323","0000-00-00 00:00:00","2015-09-25 18:31:33"
"","Pineapple Juice","3DC1FC28636311E5B83800FF59FBB323",13.30,"ORDER",1,"06337BDB637011E5B83800FF59FBB323","0000-00-00 00:00:00","2015-09-25 18:31:33"
"","Royal","3DC1FC28636311E5B83800FF59FBB323",19.33,"CAN",1,"0635A071637011E5B83800FF59FBB323","0000-00-00 00:00:00","2015-09-25 18:31:33"
"","Royal Dalandan","3DC1FC28636311E5B83800FF59FBB323",18.50,"CAN",1,"0636419B637011E5B83800FF59FBB323","0000-00-00 00:00:00","2015-09-25 18:31:33"
"","Royal Grapes","3DC1FC28636311E5B83800FF59FBB323",18.50,"CAN",1,"063BA471637011E5B83800FF59FBB323","0000-00-00 00:00:00","2015-09-25 18:31:33"
"","Sarsi","3DC1FC28636311E5B83800FF59FBB323",18.75,"CAN",1,"063D947A637011E5B83800FF59FBB323","0000-00-00 00:00:00","2015-09-25 18:31:33"
"","Sarsi Light","3DC1FC28636311E5B83800FF59FBB323",20.42,"CAN",1,"063EE520637011E5B83800FF59FBB323","0000-00-00 00:00:00","2015-09-25 18:31:33"
"","Sprite","3DC1FC28636311E5B83800FF59FBB323",14.25,"CAN",1,"063FE7BB637011E5B83800FF59FBB323","0000-00-00 00:00:00","2015-09-25 18:31:33"
"","Sprite 500ml","3DC1FC28636311E5B83800FF59FBB323",16.00,"BOT",1,"064072F5637011E5B83800FF59FBB323","0000-00-00 00:00:00","2015-09-25 18:31:33"
"","Marlboro Red Local","3E0380D3636311E5B83800FF59FBB323",53.60,"PACK",1,"06410623637011E5B83800FF59FBB323","0000-00-00 00:00:00","2015-09-25 18:31:33"
"","Sprite Ice","3DC1FC28636311E5B83800FF59FBB323",18.50,"CAN",1,"06456751637011E5B83800FF59FBB323","0000-00-00 00:00:00","2015-09-25 18:31:33"
"","Sprite Light","3DC1FC28636311E5B83800FF59FBB323",18.50,"CAN",1,"0648B3FC637011E5B83800FF59FBB323","0000-00-00 00:00:00","2015-09-25 18:31:33"
"","Sprite Zero","3DC1FC28636311E5B83800FF59FBB323",18.50,"CAN",1,"0649446C637011E5B83800FF59FBB323","0000-00-00 00:00:00","2015-09-25 18:31:33"
"","Upgrade Softdrink","3DC1FC28636311E5B83800FF59FBB323",0.00,"CAN",1,"0649D868637011E5B83800FF59FBB323","0000-00-00 00:00:00","2015-09-25 18:31:33"
"","Cuervo 1800","3DC6C2CD636311E5B83800FF59FBB323",28.80,"SHOT",1,"064A60F4637011E5B83800FF59FBB323","0000-00-00 00:00:00","2015-09-25 18:31:33"
"","Cuervo Gold Liter","3DC6C2CD636311E5B83800FF59FBB323",22.73,"SHOT",1,"064AE995637011E5B83800FF59FBB323","0000-00-00 00:00:00","2015-09-25 18:31:33"
"","Cuervo Gold Regular","3DC6C2CD636311E5B83800FF59FBB323",21.74,"SHOT",1,"064F31EC637011E5B83800FF59FBB323","0000-00-00 00:00:00","2015-09-25 18:31:33"
"","Don Enrique","3DC6C2CD636311E5B83800FF59FBB323",8.65,"SHOT",1,"064FBEFB637011E5B83800FF59FBB323","0000-00-00 00:00:00","2015-09-25 18:31:33"
"","Hornitos","3DC6C2CD636311E5B83800FF59FBB323",31.60,"SHOT",1,"0650391C637011E5B83800FF59FBB323","0000-00-00 00:00:00","2015-09-25 18:31:33"
"","Local Tequila","3DC6C2CD636311E5B83800FF59FBB323",6.52,"SHOT",1,"0650A826637011E5B83800FF59FBB323","0000-00-00 00:00:00","2015-09-25 18:31:33"
"","Philip Morris","3E0380D3636311E5B83800FF59FBB323",31.00,"PACK",1,"065110E9637011E5B83800FF59FBB323","0000-00-00 00:00:00","2015-09-25 18:31:33"
"","Pepe Lopez","3DC6C2CD636311E5B83800FF59FBB323",19.80,"SHOT",1,"06518770637011E5B83800FF59FBB323","0000-00-00 00:00:00","2015-09-25 18:31:33"
"","Pepe Lopez Reg.","3DC6C2CD636311E5B83800FF59FBB323",0.00,"SHOT",1,"0651F94B637011E5B83800FF59FBB323","0000-00-00 00:00:00","2015-09-25 18:31:33"
"","Tequila Rose","3DC6C2CD636311E5B83800FF59FBB323",22.00,"SHOT",1,"065280C9637011E5B83800FF59FBB323","0000-00-00 00:00:00","2015-09-25 18:31:33"
"","Tequila Sauza","3DC6C2CD636311E5B83800FF59FBB323",20.80,"SHOT",1,"065671D3637011E5B83800FF59FBB323","0000-00-00 00:00:00","2015-09-25 18:31:33"
"","Absente","3DC815F8636311E5B83800FF59FBB323",0.00,"SHOT",1,"0656E9AE637011E5B83800FF59FBB323","0000-00-00 00:00:00","2015-09-25 18:31:33"
"","Absolut Mandarin","3DC815F8636311E5B83800FF59FBB323",0.00,"SHOT",1,"065BF6FA637011E5B83800FF59FBB323","0000-00-00 00:00:00","2015-09-25 18:31:33"
"","Absolut Vodka Liter","3DC815F8636311E5B83800FF59FBB323",16.67,"SHOT",1,"065C661C637011E5B83800FF59FBB323","0000-00-00 00:00:00","2015-09-25 18:31:33"
"","Absolut Vodka Reg.","3DC815F8636311E5B83800FF59FBB323",18.40,"SHOT",1,"065CDC7D637011E5B83800FF59FBB323","0000-00-00 00:00:00","2015-09-25 18:31:33"
"","Antonov Vodka","3DC815F8636311E5B83800FF59FBB323",84.00,"SHOT",1,"06614017637011E5B83800FF59FBB323","0000-00-00 00:00:00","2015-09-25 18:31:33"
"","Arkan Melon","3DC815F8636311E5B83800FF59FBB323",35.00,"SHOT",1,"0661B20F637011E5B83800FF59FBB323","0000-00-00 00:00:00","2015-09-25 18:31:33"
"","Cooking Oil","3E0B9B71636311E5B83800FF59FBB323",57.47,"LT",1,"06621B29637011E5B83800FF59FBB323","0000-00-00 00:00:00","2015-09-25 18:31:33"
"","Arkan Vodka","3DC815F8636311E5B83800FF59FBB323",35.00,"SHOT",1,"06676555637011E5B83800FF59FBB323","0000-00-00 00:00:00","2015-09-25 18:31:33"
"","Artic Melon Regular","3DC815F8636311E5B83800FF59FBB323",24.00,"SHOT",1,"0668B836637011E5B83800FF59FBB323","0000-00-00 00:00:00","2015-09-25 18:31:33"
"","Citron Liter","3DC815F8636311E5B83800FF59FBB323",31.52,"SHOT",1,"0669F18C637011E5B83800FF59FBB323","0000-00-00 00:00:00","2015-09-25 18:31:33"
"","Citron Regular","3DC815F8636311E5B83800FF59FBB323",32.80,"SHOT",1,"066B2419637011E5B83800FF59FBB323","0000-00-00 00:00:00","2015-09-25 18:31:33"
"","Citron Vodka","3DC815F8636311E5B83800FF59FBB323",28.94,"SHOT",1,"066C104C637011E5B83800FF59FBB323","0000-00-00 00:00:00","2015-09-25 18:31:33"
"","Kurant Liter","3DC815F8636311E5B83800FF59FBB323",21.21,"SHOT",1,"0670445D637011E5B83800FF59FBB323","0000-00-00 00:00:00","2015-09-25 18:31:33"
"","Kurant Regular","3DC815F8636311E5B83800FF59FBB323",22.00,"SHOT",1,"067B3A5A637011E5B83800FF59FBB323","0000-00-00 00:00:00","2015-09-25 18:31:33"
"","Local Vodka","3DC815F8636311E5B83800FF59FBB323",4.00,"SHOT",1,"067DB64A637011E5B83800FF59FBB323","0000-00-00 00:00:00","2015-09-25 18:31:33"
"","Russian Standard","3DC815F8636311E5B83800FF59FBB323",18.56,"SHOT",1,"067EE889637011E5B83800FF59FBB323","0000-00-00 00:00:00","2015-09-25 18:31:33"
"","Smirnoff Vodka","3DC815F8636311E5B83800FF59FBB323",16.52,"SHOT",1,"06801714637011E5B83800FF59FBB323","0000-00-00 00:00:00","2015-09-25 18:31:33"
"","Blueberry CheeseCake","3E0F4DEC636311E5B83800FF59FBB323",35.00,"ORDER",1,"06814932637011E5B83800FF59FBB323","0000-00-00 00:00:00","2015-09-25 18:31:33"
"","Stolichnaya","3DC815F8636311E5B83800FF59FBB323",28.80,"SHOT",1,"06824D14637011E5B83800FF59FBB323","0000-00-00 00:00:00","2015-09-25 18:31:33"
"","Mineral Big","3DCAA4F0636311E5B83800FF59FBB323",9.67,"BOT",1,"0684DFE6637011E5B83800FF59FBB323","0000-00-00 00:00:00","2015-09-25 18:31:33"
"","Mineral Small","3DCAA4F0636311E5B83800FF59FBB323",7.25,"BOT",1,"0688A851637011E5B83800FF59FBB323","0000-00-00 00:00:00","2015-09-25 18:31:33"
"","Soda Water","3DCAA4F0636311E5B83800FF59FBB323",26.00,"CAN",1,"068963FD637011E5B83800FF59FBB323","0000-00-00 00:00:00","2015-09-25 18:31:33"
"","Tonic Water","3DCAA4F0636311E5B83800FF59FBB323",26.00,"CAN",1,"068EB8BB637011E5B83800FF59FBB323","0000-00-00 00:00:00","2015-09-25 18:31:33"
"","Ballantines","3DCBD04A636311E5B83800FF59FBB323",34.60,"SHOT",1,"0694D548637011E5B83800FF59FBB323","0000-00-00 00:00:00","2015-09-25 18:31:33"
"","Chivas Regal Liter","3DCBD04A636311E5B83800FF59FBB323",42.42,"SHOT",1,"0695EF23637011E5B83800FF59FBB323","0000-00-00 00:00:00","2015-09-25 18:31:33"
"","Chivas Regal Regular","3DCBD04A636311E5B83800FF59FBB323",36.00,"SHOT",1,"0697022D637011E5B83800FF59FBB323","0000-00-00 00:00:00","2015-09-25 18:31:33"
"","Cutty Sark 700ml","3DCBD04A636311E5B83800FF59FBB323",27.80,"SHOT",1,"06981124637011E5B83800FF59FBB323","0000-00-00 00:00:00","2015-09-25 18:31:33"
"","Cutty Sark Liter","3DCBD04A636311E5B83800FF59FBB323",17.88,"SHOT",1,"069902F0637011E5B83800FF59FBB323","0000-00-00 00:00:00","2015-09-25 18:31:33"
"","Buko Pandan","3E0F4DEC636311E5B83800FF59FBB323",80.00,"ORDER",1,"0699BE8C637011E5B83800FF59FBB323","0000-00-00 00:00:00","2015-09-25 18:31:33"
"","Glenffedich","3DCBD04A636311E5B83800FF59FBB323",0.00,"SHOT",1,"069A7759637011E5B83800FF59FBB323","0000-00-00 00:00:00","2015-09-25 18:31:33"
"","J & B Liter","3DCBD04A636311E5B83800FF59FBB323",0.00,"SHOT",1,"069B2FE9637011E5B83800FF59FBB323","0000-00-00 00:00:00","2015-09-25 18:31:33"
"","J & B Regular","3DCBD04A636311E5B83800FF59FBB323",26.96,"SHOT",1,"069BEA9F637011E5B83800FF59FBB323","0000-00-00 00:00:00","2015-09-25 18:31:33"
"","J.Walker Black Liter","3DCBD04A636311E5B83800FF59FBB323",31.82,"SHOT",1,"069CAB3C637011E5B83800FF59FBB323","0000-00-00 00:00:00","2015-09-25 18:31:33"
"","J.Walker Black Reg.","3DCBD04A636311E5B83800FF59FBB323",33.91,"SHOT",1,"069D5FDE637011E5B83800FF59FBB323","0000-00-00 00:00:00","2015-09-25 18:31:33"
"","J.Walker Blue Liter","3DCBD04A636311E5B83800FF59FBB323",43.33,"SHOT",1,"069DD6D7637011E5B83800FF59FBB323","0000-00-00 00:00:00","2015-09-25 18:31:33"
"","J.Walker Blue Reg.","3DCBD04A636311E5B83800FF59FBB323",216.00,"SHOT",1,"069E5405637011E5B83800FF59FBB323","0000-00-00 00:00:00","2015-09-25 18:31:33"
"","J.Walker Gold Reg.","3DCBD04A636311E5B83800FF59FBB323",0.00,"SHOT",1,"069EBE8D637011E5B83800FF59FBB323","0000-00-00 00:00:00","2015-09-25 18:31:33"
"","J.Walker Green Liter","3DCBD04A636311E5B83800FF59FBB323",0.00,"SHOT",1,"069F2A85637011E5B83800FF59FBB323","0000-00-00 00:00:00","2015-09-25 18:31:33"
"","J.Walker Green Reg.","3DCBD04A636311E5B83800FF59FBB323",105.20,"SHOT",1,"069F9961637011E5B83800FF59FBB323","0000-00-00 00:00:00","2015-09-25 18:31:33"
"","Cheesecake","3E0F4DEC636311E5B83800FF59FBB323",35.00,"ORDER",1,"06A003FD637011E5B83800FF59FBB323","0000-00-00 00:00:00","2015-09-25 18:31:33"
"","J.Walker Red 700ml","3DCBD04A636311E5B83800FF59FBB323",0.00,"SHOT",1,"06A06F8C637011E5B83800FF59FBB323","0000-00-00 00:00:00","2015-09-25 18:31:33"
"","J.Walker Red Liter","3DCBD04A636311E5B83800FF59FBB323",34.85,"SHOT",1,"06A0D990637011E5B83800FF59FBB323","0000-00-00 00:00:00","2015-09-25 18:31:33"
"","J.Walker Red Reg.","3DCBD04A636311E5B83800FF59FBB323",360.00,"SHOT",1,"06A1446E637011E5B83800FF59FBB323","0000-00-00 00:00:00","2015-09-25 18:31:33"
"","Jack Daniels 700ml","3DCBD04A636311E5B83800FF59FBB323",41.30,"SHOT",1,"06A1ACC3637011E5B83800FF59FBB323","0000-00-00 00:00:00","2015-09-25 18:31:33"
"","Jack Daniels Liter","3DCBD04A636311E5B83800FF59FBB323",28.79,"SHOT",1,"06A23F9F637011E5B83800FF59FBB323","0000-00-00 00:00:00","2015-09-25 18:31:33"
"","Jack Daniels Regular","3DCBD04A636311E5B83800FF59FBB323",38.00,"SHOT",1,"06A2AED9637011E5B83800FF59FBB323","0000-00-00 00:00:00","2015-09-25 18:31:33"
"","Jim Beam Regular","3DCBD04A636311E5B83800FF59FBB323",20.72,"SHOT",1,"06A828C3637011E5B83800FF59FBB323","0000-00-00 00:00:00","2015-09-25 18:31:33"
"","Local Whisky","3DCBD04A636311E5B83800FF59FBB323",0.00,"SHOT",1,"06AAA0CD637011E5B83800FF59FBB323","0000-00-00 00:00:00","2015-09-25 18:31:33"
"","Royal Rouse","3DCBD04A636311E5B83800FF59FBB323",0.00,"SHOT",1,"06ACA892637011E5B83800FF59FBB323","0000-00-00 00:00:00","2015-09-25 18:31:33"
"","St. George","3DCBD04A636311E5B83800FF59FBB323",5.65,"SHOT",1,"06ADEAC5637011E5B83800FF59FBB323","0000-00-00 00:00:00","2015-09-25 18:31:33"
"","Leche Flan","3E0F4DEC636311E5B83800FF59FBB323",0.00,"ORDER",1,"06AFF1C1637011E5B83800FF59FBB323","0000-00-00 00:00:00","2015-09-25 18:31:33"
"","Vat 69","3DCBD04A636311E5B83800FF59FBB323",330.00,"SHOT",1,"06B21C5B637011E5B83800FF59FBB323","0000-00-00 00:00:00","2015-09-25 18:31:33"
"","Gossips Red Wine","3DD03EF5636311E5B83800FF59FBB323",316.00,"BTL",1,"06B365A9637011E5B83800FF59FBB323","0000-00-00 00:00:00","2015-09-25 18:31:33"
"","Gossips White Wine","3DD03EF5636311E5B83800FF59FBB323",316.00,"BTL",1,"06B51A1F637011E5B83800FF59FBB323","0000-00-00 00:00:00","2015-09-25 18:31:33"
"","House Wine","3DD03EF5636311E5B83800FF59FBB323",33.71,"GLASS",1,"06B816E5637011E5B83800FF59FBB323","0000-00-00 00:00:00","2015-09-25 18:31:33"
"","Montrouge Red","3DD03EF5636311E5B83800FF59FBB323",75.00,"GLASS",1,"06BB0837637011E5B83800FF59FBB323","0000-00-00 00:00:00","2015-09-25 18:31:33"
"","Montrouge White","3DD03EF5636311E5B83800FF59FBB323",75.00,"GLASS",1,"06BCD27D637011E5B83800FF59FBB323","0000-00-00 00:00:00","2015-09-25 18:31:33"
"","Electric Bill","3DD518C7636311E5B83800FF59FBB323",999.99,"TRAN",0,"06BEC4D1637011E5B83800FF59FBB323","0000-00-00 00:00:00","2015-09-25 18:31:33"
"","Employees Meal","3DD66433636311E5B83800FF59FBB323",999.99,"TRAN",0,"06BFB5CF637011E5B83800FF59FBB323","0000-00-00 00:00:00","2015-09-25 18:31:33"
"","Azuete","3DDAE81D636311E5B83800FF59FBB323",140.00,"KG",1,"06C10C23637011E5B83800FF59FBB323","0000-00-00 00:00:00","2015-09-25 18:31:33"
"","Buko","3DDAE81D636311E5B83800FF59FBB323",25.00,"PC",1,"06C1DD44637011E5B83800FF59FBB323","0000-00-00 00:00:00","2015-09-25 18:31:33"
"","Mango Float(Wle-smal","3E0F4DEC636311E5B83800FF59FBB323",22.90,"ORDER",1,"06C2A69E637011E5B83800FF59FBB323","0000-00-00 00:00:00","2015-09-25 18:31:33"
"","Dayap","3DDAE81D636311E5B83800FF59FBB323",0.70,"SLICE",1,"06C34DC0637011E5B83800FF59FBB323","0000-00-00 00:00:00","2015-09-25 18:31:33"
"","Fresh Orange","3DDAE81D636311E5B83800FF59FBB323",9.38,"SLICE",1,"06C40AF6637011E5B83800FF59FBB323","0000-00-00 00:00:00","2015-09-25 18:31:33"
"","Grapes","3DDAE81D636311E5B83800FF59FBB323",32.19,"KG",1,"06C4F15F637011E5B83800FF59FBB323","0000-00-00 00:00:00","2015-09-25 18:31:33"
"","Green Mango","3DDAE81D636311E5B83800FF59FBB323",15.00,"SLICE",1,"06C5B799637011E5B83800FF59FBB323","0000-00-00 00:00:00","2015-09-25 18:31:33"
"","Kiwi Fruit","3DDAE81D636311E5B83800FF59FBB323",21.50,"KG",1,"06C6735E637011E5B83800FF59FBB323","0000-00-00 00:00:00","2015-09-25 18:31:33"
"","Lacatan","3DDAE81D636311E5B83800FF59FBB323",12.00,"ORDER",1,"06C71EC3637011E5B83800FF59FBB323","0000-00-00 00:00:00","2015-09-25 18:31:33"
"","Lemon","3DDAE81D636311E5B83800FF59FBB323",3.88,"SLICE",1,"06C79A5F637011E5B83800FF59FBB323","0000-00-00 00:00:00","2015-09-25 18:31:33"
"","Melon","3DDAE81D636311E5B83800FF59FBB323",12.35,"ORDER",1,"06C807B1637011E5B83800FF59FBB323","0000-00-00 00:00:00","2015-09-25 18:31:33"
"","Ripe Mango","3DDAE81D636311E5B83800FF59FBB323",15.60,"ORDER",1,"06C86621637011E5B83800FF59FBB323","0000-00-00 00:00:00","2015-09-25 18:31:33"
"","Strawberry","3DDAE81D636311E5B83800FF59FBB323",165.00,"KG",1,"06C8C791637011E5B83800FF59FBB323","0000-00-00 00:00:00","2015-09-25 18:31:33"
"","Acoustic Band","3DC952A7636311E5B83800FF59FBB323",999.99,"TRAN",0,"06C95465637011E5B83800FF59FBB323","0000-00-00 00:00:00","2015-09-25 18:31:33"
"","Oreo Cheesecake","3E0F4DEC636311E5B83800FF59FBB323",40.00,"ORDER",1,"06C9CBF6637011E5B83800FF59FBB323","0000-00-00 00:00:00","2015-09-25 18:31:33"
"","A1 Steak Sauce","3DDC2367636311E5B83800FF59FBB323",0.00,"GRMS",1,"06CA3014637011E5B83800FF59FBB323","0000-00-00 00:00:00","2015-09-25 18:31:33"
"","All Purpose Cream","3DDC2367636311E5B83800FF59FBB323",186.00,"LT",1,"06CA908D637011E5B83800FF59FBB323","0000-00-00 00:00:00","2015-09-25 18:31:33"
"","Anchovies","3DDC2367636311E5B83800FF59FBB323",1.60,"GRMS",1,"06CAF321637011E5B83800FF59FBB323","0000-00-00 00:00:00","2015-09-25 18:31:33"
"","Angel Hair","3DDC2367636311E5B83800FF59FBB323",0.09,"GRMS",1,"06CB5297637011E5B83800FF59FBB323","0000-00-00 00:00:00","2015-09-25 18:31:33"
"","BBQ Marinade","3DDC2367636311E5B83800FF59FBB323",113.70,"LT",1,"06CBC827637011E5B83800FF59FBB323","0000-00-00 00:00:00","2015-09-25 18:31:33"
"","Baking Powder","3DDC2367636311E5B83800FF59FBB323",25.80,"KG",1,"06CC4746637011E5B83800FF59FBB323","0000-00-00 00:00:00","2015-09-25 18:31:33"
"","Balsamic Vinegar","3DDC2367636311E5B83800FF59FBB323",466.60,"LT",1,"06CCB869637011E5B83800FF59FBB323","0000-00-00 00:00:00","2015-09-25 18:31:33"
"","Banana Ketchup","3DDC2367636311E5B83800FF59FBB323",39.95,"KG",1,"06CD18EB637011E5B83800FF59FBB323","0000-00-00 00:00:00","2015-09-25 18:31:33"
"","Beef Broth","3DDC2367636311E5B83800FF59FBB323",373.76,"KG",1,"06CD7239637011E5B83800FF59FBB323","0000-00-00 00:00:00","2015-09-25 18:31:33"
"","Bihon","3DDC2367636311E5B83800FF59FBB323",65.00,"KG",1,"06CDDD3C637011E5B83800FF59FBB323","0000-00-00 00:00:00","2015-09-25 18:31:33"
"","Tiramisu","3E0F4DEC636311E5B83800FF59FBB323",36.11,"ORDER",1,"06CE71E4637011E5B83800FF59FBB323","0000-00-00 00:00:00","2015-09-25 18:31:33"
"","Bilbao","3DDC2367636311E5B83800FF59FBB323",0.45,"GRMS",1,"06CEF144637011E5B83800FF59FBB323","0000-00-00 00:00:00","2015-09-25 18:31:33"
"","Black Beans","3DDC2367636311E5B83800FF59FBB323",0.11,"GRMS",1,"06CF5075637011E5B83800FF59FBB323","0000-00-00 00:00:00","2015-09-25 18:31:33"
"","Black Fungus","3DDC2367636311E5B83800FF59FBB323",0.28,"GRMS",1,"06CFABE2637011E5B83800FF59FBB323","0000-00-00 00:00:00","2015-09-25 18:31:33"
"","Black Olives","3DDC2367636311E5B83800FF59FBB323",0.24,"GRMS",1,"06D00D97637011E5B83800FF59FBB323","0000-00-00 00:00:00","2015-09-25 18:31:33"
"","Black Pepper","3DDC2367636311E5B83800FF59FBB323",1.00,"GRMS",1,"06D066FA637011E5B83800FF59FBB323","0000-00-00 00:00:00","2015-09-25 18:31:33"
"","Blueberry","3DDC2367636311E5B83800FF59FBB323",0.27,"GRMS",1,"06D0E296637011E5B83800FF59FBB323","0000-00-00 00:00:00","2015-09-25 18:31:33"
"","Bread Crumbs","3DDC2367636311E5B83800FF59FBB323",108.75,"KG",1,"06D15AD3637011E5B83800FF59FBB323","0000-00-00 00:00:00","2015-09-25 18:31:33"
"","Brewed Coffee","3DDC2367636311E5B83800FF59FBB323",896.87,"KG",1,"06D1C226637011E5B83800FF59FBB323","0000-00-00 00:00:00","2015-09-25 18:31:33"
"","Bulaklak ng Saging","3DDC2367636311E5B83800FF59FBB323",280.00,"GRMS",1,"06D21B3B637011E5B83800FF59FBB323","0000-00-00 00:00:00","2015-09-25 18:31:33"
"","Burger Buns","3DDC2367636311E5B83800FF59FBB323",4.75,"PCS",1,"06D26EBF637011E5B83800FF59FBB323","0000-00-00 00:00:00","2015-09-25 18:31:33"
"","Beer Kettle","3E118937636311E5B83800FF59FBB323",25.00,"BOT",1,"06D2BE39637011E5B83800FF59FBB323","0000-00-00 00:00:00","2015-09-25 18:31:33"
"","Butter","3DDC2367636311E5B83800FF59FBB323",0.17,"GRMS",1,"06D32028637011E5B83800FF59FBB323","0000-00-00 00:00:00","2015-09-25 18:31:33"
"","Canola Oil","3DDC2367636311E5B83800FF59FBB323",118.95,"LT",1,"06D3938E637011E5B83800FF59FBB323","0000-00-00 00:00:00","2015-09-25 18:31:33"
"","Canton Noodles","3DDC2367636311E5B83800FF59FBB323",150.00,"KG",1,"06D50EDC637011E5B83800FF59FBB323","0000-00-00 00:00:00","2015-09-25 18:31:33"
"","Capers","3DDC2367636311E5B83800FF59FBB323",0.41,"GRMS",1,"06D56C3E637011E5B83800FF59FBB323","0000-00-00 00:00:00","2015-09-25 18:31:33"
"","Chami Noodles","3DDC2367636311E5B83800FF59FBB323",45.00,"KG",1,"06D5D390637011E5B83800FF59FBB323","0000-00-00 00:00:00","2015-09-25 18:31:33"
"","Cheddar Cheese","3DDC2367636311E5B83800FF59FBB323",268.18,"KG",1,"06D64243637011E5B83800FF59FBB323","0000-00-00 00:00:00","2015-09-25 18:31:33"
"","Cheese Sliced","3DDC2367636311E5B83800FF59FBB323",15.83,"PC",1,"06D69D17637011E5B83800FF59FBB323","0000-00-00 00:00:00","2015-09-25 18:31:33"
"","Cheese Whiz","3DDC2367636311E5B83800FF59FBB323",0.31,"GRMS",1,"06D6F5FF637011E5B83800FF59FBB323","0000-00-00 00:00:00","2015-09-25 18:31:33"
"","Cherry","3DDC2367636311E5B83800FF59FBB323",3.98,"PC",1,"06D75415637011E5B83800FF59FBB323","0000-00-00 00:00:00","2015-09-25 18:31:33"
"","Chicken Broth","3DDC2367636311E5B83800FF59FBB323",330.78,"KG",1,"06D7B888637011E5B83800FF59FBB323","0000-00-00 00:00:00","2015-09-25 18:31:33"
"","Cerveza Negra","3E118937636311E5B83800FF59FBB323",32.33,"BOT",1,"06D81535637011E5B83800FF59FBB323","0000-00-00 00:00:00","2015-09-25 18:31:33"
"","Chicken Powder","3DDC2367636311E5B83800FF59FBB323",299.70,"KG",1,"06D89D4B637011E5B83800FF59FBB323","0000-00-00 00:00:00","2015-09-25 18:31:33"
"","Chili Ketchup","3DDC2367636311E5B83800FF59FBB323",89.45,"KG",1,"06D8F83C637011E5B83800FF59FBB323","0000-00-00 00:00:00","2015-09-25 18:31:33"
"","Coconut Brand SoySos","3DDC2367636311E5B83800FF59FBB323",87.16,"LTR",1,"06D94969637011E5B83800FF59FBB323","0000-00-00 00:00:00","2015-09-25 18:31:33"
"","Coconut Milk Powder","3DDC2367636311E5B83800FF59FBB323",0.57,"GRMS",1,"06D99C41637011E5B83800FF59FBB323","0000-00-00 00:00:00","2015-09-25 18:31:33"
"","Condensed Milk","3DDC2367636311E5B83800FF59FBB323",173.67,"LT",1,"06D9EBBB637011E5B83800FF59FBB323","0000-00-00 00:00:00","2015-09-25 18:31:33"
"","Cornstarch","3DDC2367636311E5B83800FF59FBB323",40.00,"KG",1,"06DA3FF8637011E5B83800FF59FBB323","0000-00-00 00:00:00","2015-09-25 18:31:33"
"","Cream Cheese","3DDC2367636311E5B83800FF59FBB323",583.95,"KG",1,"06DA916A637011E5B83800FF59FBB323","0000-00-00 00:00:00","2015-09-25 18:31:33"
"","Creamer","3DDC2367636311E5B83800FF59FBB323",1.69,"PCS",1,"06DB09AC637011E5B83800FF59FBB323","0000-00-00 00:00:00","2015-09-25 18:31:33"
"","Croutons","3DDC2367636311E5B83800FF59FBB323",0.00,"GRMS",1,"06DB802E637011E5B83800FF59FBB323","0000-00-00 00:00:00","2015-09-25 18:31:33"
"","Curry Powder","3DDC2367636311E5B83800FF59FBB323",1.45,"GRMS",1,"06DBF78E637011E5B83800FF59FBB323","0000-00-00 00:00:00","2015-09-25 18:31:33"
"","Corona Beer","3E118937636311E5B83800FF59FBB323",65.00,"BOT",1,"06DC5BAC637011E5B83800FF59FBB323","0000-00-00 00:00:00","2015-09-25 18:31:33"
"","Demi Glace","3DDC2367636311E5B83800FF59FBB323",455.00,"KG",1,"06DCB8AA637011E5B83800FF59FBB323","0000-00-00 00:00:00","2015-09-25 18:31:33"
"","Diced Tomato","3DDC2367636311E5B83800FF59FBB323",111.50,"KG",1,"06DD0B07637011E5B83800FF59FBB323","0000-00-00 00:00:00","2015-09-25 18:31:33"
"","Dried Alamang","3DDC2367636311E5B83800FF59FBB323",27.50,"GRMS",1,"06DD76F4637011E5B83800FF59FBB323","0000-00-00 00:00:00","2015-09-25 18:31:33"
"","Egg","3DDC2367636311E5B83800FF59FBB323",5.83,"PCS",1,"06DDFA11637011E5B83800FF59FBB323","0000-00-00 00:00:00","2015-09-25 18:31:33"
"","Evaporated Milk","3DDC2367636311E5B83800FF59FBB323",65.43,"LT",1,"06DE4C7A637011E5B83800FF59FBB323","0000-00-00 00:00:00","2015-09-25 18:31:33"
"","Flat Noodles","3DDC2367636311E5B83800FF59FBB323",84.78,"KG",1,"06DE9D65637011E5B83800FF59FBB323","0000-00-00 00:00:00","2015-09-25 18:31:33"
"","Flour","3DDC2367636311E5B83800FF59FBB323",44.00,"KG",1,"06DEF0E5637011E5B83800FF59FBB323","0000-00-00 00:00:00","2015-09-25 18:31:33"
"","French Bread","3DDC2367636311E5B83800FF59FBB323",70.00,"PC",1,"06DF5ACD637011E5B83800FF59FBB323","0000-00-00 00:00:00","2015-09-25 18:31:33"
"","French Fries","3DDC2367636311E5B83800FF59FBB323",85.00,"KG",1,"06DFAEE9637011E5B83800FF59FBB323","0000-00-00 00:00:00","2015-09-25 18:31:33"
"","Fresh Milk","3DDC2367636311E5B83800FF59FBB323",76.00,"LT",1,"06E01FD7637011E5B83800FF59FBB323","0000-00-00 00:00:00","2015-09-25 18:31:33"
"","Empties","3E118937636311E5B83800FF59FBB323",5.00,"BOT",1,"06E09F1E637011E5B83800FF59FBB323","0000-00-00 00:00:00","2015-09-25 18:31:33"
"","Garbanzos","3DDC2367636311E5B83800FF59FBB323",26.70,"KG",1,"06E116B4637011E5B83800FF59FBB323","0000-00-00 00:00:00","2015-09-25 18:31:33"
"","Garlic Ranch Dresing","3DDC2367636311E5B83800FF59FBB323",171.75,"LT",1,"06E17871637011E5B83800FF59FBB323","0000-00-00 00:00:00","2015-09-25 18:31:33"
"","Graham","3DDC2367636311E5B83800FF59FBB323",0.25,"GRMS",1,"06E1C845637011E5B83800FF59FBB323","0000-00-00 00:00:00","2015-09-25 18:31:33"
"","Green Gulaman","3DDC2367636311E5B83800FF59FBB323",340.37,"KG",1,"06E2182E637011E5B83800FF59FBB323","0000-00-00 00:00:00","2015-09-25 18:31:33"
"","Ground Cinnamon","3DDC2367636311E5B83800FF59FBB323",1.23,"GRMS",1,"06E28352637011E5B83800FF59FBB323","0000-00-00 00:00:00","2015-09-25 18:31:33"
"","Ground Pepper","3DDC2367636311E5B83800FF59FBB323",0.30,"GRMS",1,"06E2FD1D637011E5B83800FF59FBB323","0000-00-00 00:00:00","2015-09-25 18:31:33"
"","Ground Saffron","3DDC2367636311E5B83800FF59FBB323",178.00,"GRMS",1,"06E36841637011E5B83800FF59FBB323","0000-00-00 00:00:00","2015-09-25 18:31:33"
"","Honey","3DDC2367636311E5B83800FF59FBB323",0.18,"ML",1,"06E3B88C637011E5B83800FF59FBB323","0000-00-00 00:00:00","2015-09-25 18:31:33"
"","Hotdog Buns","3DDC2367636311E5B83800FF59FBB323",4.00,"PCS",1,"06E40984637011E5B83800FF59FBB323","0000-00-00 00:00:00","2015-09-25 18:31:33"
"","Iodized Salt","3DDC2367636311E5B83800FF59FBB323",25.00,"KG",1,"06E4592B637011E5B83800FF59FBB323","0000-00-00 00:00:00","2015-09-25 18:31:33"
"","Empties Plastic","3E118937636311E5B83800FF59FBB323",0.20,"PC",1,"06E4AAB2637011E5B83800FF59FBB323","0000-00-00 00:00:00","2015-09-25 18:31:33"
"","Italian Seasoning","3DDC2367636311E5B83800FF59FBB323",3.17,"GRMS",1,"06E50954637011E5B83800FF59FBB323","0000-00-00 00:00:00","2015-09-25 18:31:33"
"","Kare-Kare Paste","3DDC2367636311E5B83800FF59FBB323",33.33,"KG",1,"06E56336637011E5B83800FF59FBB323","0000-00-00 00:00:00","2015-09-25 18:31:33"
"","Kernel Corn","3DDC2367636311E5B83800FF59FBB323",0.07,"GRMS",1,"06E5B60A637011E5B83800FF59FBB323","0000-00-00 00:00:00","2015-09-25 18:31:33"
"","Kikoman","3DDC2367636311E5B83800FF59FBB323",233.55,"LT",1,"06E6073F637011E5B83800FF59FBB323","0000-00-00 00:00:00","2015-09-25 18:31:33"
"","Lasagna Noodles","3DDC2367636311E5B83800FF59FBB323",200.90,"KG",1,"06E65595637011E5B83800FF59FBB323","0000-00-00 00:00:00","2015-09-25 18:31:33"
"","Laurel Leaves","3DDC2367636311E5B83800FF59FBB323",0.28,"GRMS",1,"06E6A597637011E5B83800FF59FBB323","0000-00-00 00:00:00","2015-09-25 18:31:33"
"","Liver Spread","3DDC2367636311E5B83800FF59FBB323",0.14,"GRMS",1,"06E6F74B637011E5B83800FF59FBB323","0000-00-00 00:00:00","2015-09-25 18:31:33"
"","Lumpia Wrapper","3DDC2367636311E5B83800FF59FBB323",1.82,"PCS",1,"06E74AD0637011E5B83800FF59FBB323","0000-00-00 00:00:00","2015-09-25 18:31:33"
"","Mang Tomas","3DDC2367636311E5B83800FF59FBB323",70.00,"KG",1,"06E7B0C9637011E5B83800FF59FBB323","0000-00-00 00:00:00","2015-09-25 18:31:33"
"","Mango Float Big","3DDC2367636311E5B83800FF59FBB323",40.00,"ORDER",1,"06E80238637011E5B83800FF59FBB323","0000-00-00 00:00:00","2015-09-25 18:31:33"
"","Hoegaarden","3E118937636311E5B83800FF59FBB323",75.00,"BOT",1,"06E851CE637011E5B83800FF59FBB323","0000-00-00 00:00:00","2015-09-25 18:31:33"
"","Mayonnaise","3DDC2367636311E5B83800FF59FBB323",144.61,"LT",1,"06E8A284637011E5B83800FF59FBB323","0000-00-00 00:00:00","2015-09-25 18:31:33"
"","Molo Wrapper","3DDC2367636311E5B83800FF59FBB323",0.35,"PCS",1,"06E8F064637011E5B83800FF59FBB323","0000-00-00 00:00:00","2015-09-25 18:31:33"
"","Mozarella Cheese","3DDC2367636311E5B83800FF59FBB323",325.00,"KG",1,"06E941B2637011E5B83800FF59FBB323","0000-00-00 00:00:00","2015-09-25 18:31:33"
"","Mushroom Soy Sauce","3DDC2367636311E5B83800FF59FBB323",69.55,"LTR",1,"06E9923A637011E5B83800FF59FBB323","0000-00-00 00:00:00","2015-09-25 18:31:33"
"","Mustard","3DDC2367636311E5B83800FF59FBB323",0.32,"GRMS",1,"06E9E63A637011E5B83800FF59FBB323","0000-00-00 00:00:00","2015-09-25 18:31:33"
"","Nata De Coco","3DDC2367636311E5B83800FF59FBB323",0.12,"GRMS",1,"06EA375B637011E5B83800FF59FBB323","0000-00-00 00:00:00","2015-09-25 18:31:33"
"","Nestle Thick Cream","3DDC2367636311E5B83800FF59FBB323",225.00,"Kg",1,"06EA86F5637011E5B83800FF59FBB323","0000-00-00 00:00:00","2015-09-25 18:31:33"
"","Olive Oil","3DDC2367636311E5B83800FF59FBB323",286.70,"LT",1,"06EAE7A0637011E5B83800FF59FBB323","0000-00-00 00:00:00","2015-09-25 18:31:33"
"","Orange Marmalade","3DDC2367636311E5B83800FF59FBB323",0.17,"GRMS",1,"06EB4599637011E5B83800FF59FBB323","0000-00-00 00:00:00","2015-09-25 18:31:33"
"","Oreo","3DDC2367636311E5B83800FF59FBB323",0.25,"KG",1,"06EB94EE637011E5B83800FF59FBB323","0000-00-00 00:00:00","2015-09-25 18:31:33"
"","Pale Pilsen","3E118937636311E5B83800FF59FBB323",25.42,"BOT",1,"06EBE60B637011E5B83800FF59FBB323","0000-00-00 00:00:00","2015-09-25 18:31:33"
"","Oyster Sauce","3DDC2367636311E5B83800FF59FBB323",113.16,"KG",1,"06EC34F9637011E5B83800FF59FBB323","0000-00-00 00:00:00","2015-09-25 18:31:33"
"","Paprika Ground","3DDC2367636311E5B83800FF59FBB323",0.96,"GRMS",1,"06EC853C637011E5B83800FF59FBB323","0000-00-00 00:00:00","2015-09-25 18:31:33"
"","Parmesan Cheese","3DDC2367636311E5B83800FF59FBB323",0.83,"GRMS",1,"06ECD54E637011E5B83800FF59FBB323","0000-00-00 00:00:00","2015-09-25 18:31:33"
"","Patis","3DDC2367636311E5B83800FF59FBB323",31.35,"LT",1,"06ED2842637011E5B83800FF59FBB323","0000-00-00 00:00:00","2015-09-25 18:31:33"
"","Peanut Butter","3DDC2367636311E5B83800FF59FBB323",201.98,"KG",1,"06ED769D637011E5B83800FF59FBB323","0000-00-00 00:00:00","2015-09-25 18:31:33"
"","Peeled Tomato","3DDC2367636311E5B83800FF59FBB323",0.10,"GRMS",1,"06EDC577637011E5B83800FF59FBB323","0000-00-00 00:00:00","2015-09-25 18:31:33"
"","Pickles","3DDC2367636311E5B83800FF59FBB323",0.21,"GRMS",1,"06EE18F3637011E5B83800FF59FBB323","0000-00-00 00:00:00","2015-09-25 18:31:33"
"","Pineapple Sliced","3DDC2367636311E5B83800FF59FBB323",0.10,"GRMS",1,"06EE6C04637011E5B83800FF59FBB323","0000-00-00 00:00:00","2015-09-25 18:31:33"
"","Pineapple Tidbits","3DDC2367636311E5B83800FF59FBB323",0.15,"GRMS",1,"06EEBB55637011E5B83800FF59FBB323","0000-00-00 00:00:00","2015-09-25 18:31:33"
"","Pizza Crust","3DDC2367636311E5B83800FF59FBB323",25.00,"PC",1,"06EF0BEE637011E5B83800FF59FBB323","0000-00-00 00:00:00","2015-09-25 18:31:33"
"","Pale Pilsen October","3E118937636311E5B83800FF59FBB323",20.17,"BOT",1,"06EF5C4E637011E5B83800FF59FBB323","0000-00-00 00:00:00","2015-09-25 18:31:33"
"","Quail Egg","3DDC2367636311E5B83800FF59FBB323",1.50,"PCS",1,"06EFADA4637011E5B83800FF59FBB323","0000-00-00 00:00:00","2015-09-25 18:31:33"
"","Quick Melt","3DDC2367636311E5B83800FF59FBB323",320.00,"KG",1,"06F00016637011E5B83800FF59FBB323","0000-00-00 00:00:00","2015-09-25 18:31:33"
"","Raisins","3DDC2367636311E5B83800FF59FBB323",0.25,"GRMS",1,"06F05E17637011E5B83800FF59FBB323","0000-00-00 00:00:00","2015-09-25 18:31:33"
"","Red Hot Pepper Sauce","3DDC2367636311E5B83800FF59FBB323",257.21,"LT",1,"06F0ACAF637011E5B83800FF59FBB323","0000-00-00 00:00:00","2015-09-25 18:31:33"
"","Red Pimiento","3DDC2367636311E5B83800FF59FBB323",226.41,"KG",1,"06F0F94A637011E5B83800FF59FBB323","0000-00-00 00:00:00","2015-09-25 18:31:33"
"","Rock Salt","3DDC2367636311E5B83800FF59FBB323",10.00,"KG",1,"06F14756637011E5B83800FF59FBB323","0000-00-00 00:00:00","2015-09-25 18:31:33"
"","Rosemary Leaves","3DDC2367636311E5B83800FF59FBB323",88.20,"GRMS",1,"06F198FF637011E5B83800FF59FBB323","0000-00-00 00:00:00","2015-09-25 18:31:33"
"","Sesame Oil","3DDC2367636311E5B83800FF59FBB323",456.54,"LT",1,"06F20640637011E5B83800FF59FBB323","0000-00-00 00:00:00","2015-09-25 18:31:33"
"","Sesame Seed","3DDC2367636311E5B83800FF59FBB323",0.36,"GRMS",1,"06F25ACF637011E5B83800FF59FBB323","0000-00-00 00:00:00","2015-09-25 18:31:33"
"","Shanghai Soy Sauce","3DDC2367636311E5B83800FF59FBB323",71.25,"LT",1,"06F2AB02637011E5B83800FF59FBB323","0000-00-00 00:00:00","2015-09-25 18:31:33"
"","Annual Festivities","3DE99B37636311E5B83800FF59FBB323",999.99,"TRAN",0,"06F2FB93637011E5B83800FF59FBB323","0000-00-00 00:00:00","2015-09-25 18:31:33"
"","Red Horse","3E118937636311E5B83800FF59FBB323",21.88,"BOT",1,"06F349B4637011E5B83800FF59FBB323","0000-00-00 00:00:00","2015-09-25 18:31:33"
"","Sliced Bread","3DDC2367636311E5B83800FF59FBB323",3.39,"PCS",1,"06F3B8EA637011E5B83800FF59FBB323","0000-00-00 00:00:00","2015-09-25 18:31:33"
"","Sotanghon","3DDC2367636311E5B83800FF59FBB323",160.00,"KG",1,"06F406B9637011E5B83800FF59FBB323","0000-00-00 00:00:00","2015-09-25 18:31:33"
"","Sour Cream","3DDC2367636311E5B83800FF59FBB323",0.35,"GRMS",1,"06F455E5637011E5B83800FF59FBB323","0000-00-00 00:00:00","2015-09-25 18:31:33"
"","Soy Sauce","3DDC2367636311E5B83800FF59FBB323",30.12,"LT",1,"06F4AA91637011E5B83800FF59FBB323","0000-00-00 00:00:00","2015-09-25 18:31:33"
"","Spaghetti Noodles","3DDC2367636311E5B83800FF59FBB323",70.30,"KG",1,"06F4F9DE637011E5B83800FF59FBB323","0000-00-00 00:00:00","2015-09-25 18:31:33"
"","Spaghetti Sauce","3DDC2367636311E5B83800FF59FBB323",61.95,"KG",1,"06F56939637011E5B83800FF59FBB323","0000-00-00 00:00:00","2015-09-25 18:31:33"
"","Star Anis","3DDC2367636311E5B83800FF59FBB323",0.28,"GRMS",1,"06F5B714637011E5B83800FF59FBB323","0000-00-00 00:00:00","2015-09-25 18:31:33"
"","Star Margarine","3DDC2367636311E5B83800FF59FBB323",48.50,"KG",1,"06F60478637011E5B83800FF59FBB323","0000-00-00 00:00:00","2015-09-25 18:31:33"
"","Sugar","3DDC2367636311E5B83800FF59FBB323",65.00,"KG",1,"06F65270637011E5B83800FF59FBB323","0000-00-00 00:00:00","2015-09-25 18:31:33"
"","Sugar Sachet","3DDC2367636311E5B83800FF59FBB323",0.99,"SACHET",1,"06F6A183637011E5B83800FF59FBB323","0000-00-00 00:00:00","2015-09-25 18:31:33"
"","Red Horse 1L","3E118937636311E5B83800FF59FBB323",0.00,"BOT",1,"06F6F839637011E5B83800FF59FBB323","0000-00-00 00:00:00","2015-09-25 18:31:33"
"","Sugar Syrup","3DDC2367636311E5B83800FF59FBB323",0.00,"SHOT",1,"06F74BCE637011E5B83800FF59FBB323","0000-00-00 00:00:00","2015-09-25 18:31:33"
"","Sweet Chili Bottle","3DDC2367636311E5B83800FF59FBB323",80.95,"KG",1,"06F79CEA637011E5B83800FF59FBB323","0000-00-00 00:00:00","2015-09-25 18:31:33"
"","Sweet Chili Sauce","3DDC2367636311E5B83800FF59FBB323",91.50,"KG",1,"06F7ED25637011E5B83800FF59FBB323","0000-00-00 00:00:00","2015-09-25 18:31:33"
"","Tamarind Soup Base","3DDC2367636311E5B83800FF59FBB323",293.93,"KG",1,"06F83BCD637011E5B83800FF59FBB323","0000-00-00 00:00:00","2015-09-25 18:31:33"
"","Teriyaki Sauce","3DDC2367636311E5B83800FF59FBB323",0.00,"LT",1,"06F88C77637011E5B83800FF59FBB323","0000-00-00 00:00:00","2015-09-25 18:31:33"
"","Thick Cream","3DDC2367636311E5B83800FF59FBB323",215.00,"ML",1,"06F8DAF2637011E5B83800FF59FBB323","0000-00-00 00:00:00","2015-09-25 18:31:33"
"","Thousand Island","3DDC2367636311E5B83800FF59FBB323",0.00,"KG",1,"06F92B88637011E5B83800FF59FBB323","0000-00-00 00:00:00","2015-09-25 18:31:33"
"","Tomato Catsup","3DDC2367636311E5B83800FF59FBB323",63.12,"KG",1,"06F97AB8637011E5B83800FF59FBB323","0000-00-00 00:00:00","2015-09-25 18:31:33"
"","Tomato Paste","3DDC2367636311E5B83800FF59FBB323",0.08,"GRMS",1,"06F9CBE0637011E5B83800FF59FBB323","0000-00-00 00:00:00","2015-09-25 18:31:33"
"","Tomato Sauce","3DDC2367636311E5B83800FF59FBB323",74.45,"KG",1,"06FA1A68637011E5B83800FF59FBB323","0000-00-00 00:00:00","2015-09-25 18:31:33"
"","Red Horse 500ml","3E118937636311E5B83800FF59FBB323",0.00,"BOT",1,"06FA8A74637011E5B83800FF59FBB323","0000-00-00 00:00:00","2015-09-25 18:31:33"
"","Tortilla Chips","3DDC2367636311E5B83800FF59FBB323",182.00,"KG",1,"06FADB2E637011E5B83800FF59FBB323","0000-00-00 00:00:00","2015-09-25 18:31:33"
"","Tumeric Ground","3DDC2367636311E5B83800FF59FBB323",0.55,"GRMS",1,"06FB2F73637011E5B83800FF59FBB323","0000-00-00 00:00:00","2015-09-25 18:31:33"
"","Vanilla","3DDC2367636311E5B83800FF59FBB323",1.15,"ML",1,"06FB7E34637011E5B83800FF59FBB323","0000-00-00 00:00:00","2015-09-25 18:31:33"
"","Vegetable Oil","3DDC2367636311E5B83800FF59FBB323",100.29,"LT",1,"06FBCC20637011E5B83800FF59FBB323","0000-00-00 00:00:00","2015-09-25 18:31:33"
"","Vinegar","3DDC2367636311E5B83800FF59FBB323",26.68,"LT",1,"06FC38B5637011E5B83800FF59FBB323","0000-00-00 00:00:00","2015-09-25 18:31:33"
"","Wasabi Powder","3DDC2367636311E5B83800FF59FBB323",1.39,"GRMS",1,"06FC8762637011E5B83800FF59FBB323","0000-00-00 00:00:00","2015-09-25 18:31:33"
"","White Pepper","3DDC2367636311E5B83800FF59FBB323",2.08,"GRMS",1,"06FCD736637011E5B83800FF59FBB323","0000-00-00 00:00:00","2015-09-25 18:31:33"
"","Whole Mushroom","3DDC2367636311E5B83800FF59FBB323",134.71,"KG",1,"06FD26A3637011E5B83800FF59FBB323","0000-00-00 00:00:00","2015-09-25 18:31:33"
"","Worcestershire Sauce","3DDC2367636311E5B83800FF59FBB323",0.58,"ML",1,"06FD7550637011E5B83800FF59FBB323","0000-00-00 00:00:00","2015-09-25 18:31:33"
"","Yeast","3DDC2367636311E5B83800FF59FBB323",0.26,"GRMS",1,"06FDC8D8637011E5B83800FF59FBB323","0000-00-00 00:00:00","2015-09-25 18:31:33"
"","San Miguel Lights","3E118937636311E5B83800FF59FBB323",23.96,"BOT",1,"06FE1A60637011E5B83800FF59FBB323","0000-00-00 00:00:00","2015-09-25 18:31:33"
"","Tube Ice","3DC1FC28636311E5B83800FF59FBB323",3.00,"KG",1,"06FE6E6C637011E5B83800FF59FBB323","0000-00-00 00:00:00","2015-09-25 18:31:34"
"","Kabayan Loan","Kabayan Loan",999.99,"TRAN",0,"06FEBFA5637011E5B83800FF59FBB323","0000-00-00 00:00:00","2015-09-25 18:27:30"
"","LPG","3DE25385636311E5B83800FF59FBB323",999.99,"TRAN",0,"06FF0F96637011E5B83800FF59FBB323","0000-00-00 00:00:00","2015-09-25 18:31:34"
"","Beef Ribs","3DE82C56636311E5B83800FF59FBB323",190.00,"KG",1,"06FF5DF0637011E5B83800FF59FBB323","0000-00-00 00:00:00","2015-09-25 18:31:34"
"","Bulalo","3DE82C56636311E5B83800FF59FBB323",75.16,"ORDER",1,"06FFB0A3637011E5B83800FF59FBB323","0000-00-00 00:00:00","2015-09-25 18:31:34"
"","Camto","3DE82C56636311E5B83800FF59FBB323",215.00,"KG",1,"07000015637011E5B83800FF59FBB323","0000-00-00 00:00:00","2015-09-25 18:31:34"
"","Ground Beef","3DE82C56636311E5B83800FF59FBB323",553.27,"KG",1,"070054EA637011E5B83800FF59FBB323","0000-00-00 00:00:00","2015-09-25 18:31:34"
"","Ground Sirloin","3DE82C56636311E5B83800FF59FBB323",303.72,"KG",1,"0700A82D637011E5B83800FF59FBB323","0000-00-00 00:00:00","2015-09-25 18:31:34"
"","Kalitiran","3DE82C56636311E5B83800FF59FBB323",195.00,"KG",1,"0700F98F637011E5B83800FF59FBB323","0000-00-00 00:00:00","2015-09-25 18:31:34"
"","Lingua","3DE82C56636311E5B83800FF59FBB323",230.00,"KG",1,"0701530B637011E5B83800FF59FBB323","0000-00-00 00:00:00","2015-09-25 18:31:34"
"","San Miguel Premium","3E118937636311E5B83800FF59FBB323",33.29,"BOT",1,"0701A1F5637011E5B83800FF59FBB323","0000-00-00 00:00:00","2015-09-25 18:31:34"
"","Oxtripe","3DE82C56636311E5B83800FF59FBB323",24.67,"KG",1,"0701F09E637011E5B83800FF59FBB323","0000-00-00 00:00:00","2015-09-25 18:31:34"
"","Porterhouse Steak","3DE82C56636311E5B83800FF59FBB323",280.00,"PC",1,"0702412F637011E5B83800FF59FBB323","0000-00-00 00:00:00","2015-09-25 18:31:34"
"","T-Bone","3DE82C56636311E5B83800FF59FBB323",55.00,"PC",1,"07029373637011E5B83800FF59FBB323","0000-00-00 00:00:00","2015-09-25 18:31:34"
"","Tenderloin","3DE82C56636311E5B83800FF59FBB323",380.00,"KG",1,"0702E5C7637011E5B83800FF59FBB323","0000-00-00 00:00:00","2015-09-25 18:31:34"
"","Top Round","3DE82C56636311E5B83800FF59FBB323",275.00,"KG",1,"07033855637011E5B83800FF59FBB323","0000-00-00 00:00:00","2015-09-25 18:31:34"
"","Breast Fillet","3DEB3311636311E5B83800FF59FBB323",210.33,"KG",1,"070389B4637011E5B83800FF59FBB323","0000-00-00 00:00:00","2015-09-25 18:31:34"
"","Chicken Wings","3DEB3311636311E5B83800FF59FBB323",13.21,"PC",1,"0703D97C637011E5B83800FF59FBB323","0000-00-00 00:00:00","2015-09-25 18:31:34"
"","Ground Chicken","3DEB3311636311E5B83800FF59FBB323",190.00,"KG",1,"07042BE9637011E5B83800FF59FBB323","0000-00-00 00:00:00","2015-09-25 18:31:34"
"","Leg Quarter","3DEB3311636311E5B83800FF59FBB323",195.00,"KG",1,"07047D09637011E5B83800FF59FBB323","0000-00-00 00:00:00","2015-09-25 18:31:34"
"","Whole Chicken","3DEB3311636311E5B83800FF59FBB323",150.02,"ORDER",1,"0704CC21637011E5B83800FF59FBB323","0000-00-00 00:00:00","2015-09-25 18:31:34"
"","San Miguel Zero","3E118937636311E5B83800FF59FBB323",24.92,"BOT",1,"07051C58637011E5B83800FF59FBB323","0000-00-00 00:00:00","2015-09-25 18:31:34"
"","Bacon","3DEDA602636311E5B83800FF59FBB323",572.00,"KG",1,"07056F1B637011E5B83800FF59FBB323","0000-00-00 00:00:00","2015-09-25 18:31:34"
"","Balat ng Baboy","3DEDA602636311E5B83800FF59FBB323",90.00,"KG",1,"0705BD40637011E5B83800FF59FBB323","0000-00-00 00:00:00","2015-09-25 18:31:35"
"","Batok","3DEDA602636311E5B83800FF59FBB323",0.00,"KG",1,"07060B28637011E5B83800FF59FBB323","0000-00-00 00:00:00","2015-09-25 18:31:35"
"","Bulaklak","3DEDA602636311E5B83800FF59FBB323",120.00,"KG",1,"070676BE637011E5B83800FF59FBB323","0000-00-00 00:00:00","2015-09-25 18:31:35"
"","Ground Pork","3DEDA602636311E5B83800FF59FBB323",175.00,"KG",1,"0706C934637011E5B83800FF59FBB323","0000-00-00 00:00:00","2015-09-25 18:31:35"
"","Ham","3DEDA602636311E5B83800FF59FBB323",0.30,"GRMS",1,"07071C6E637011E5B83800FF59FBB323","0000-00-00 00:00:00","2015-09-25 18:31:35"
"","Liempo","3DEDA602636311E5B83800FF59FBB323",200.00,"KG",1,"07077017637011E5B83800FF59FBB323","0000-00-00 00:00:00","2015-09-25 18:31:35"
"","Longanisa","3DEDA602636311E5B83800FF59FBB323",150.00,"KG",1,"0707C2D7637011E5B83800FF59FBB323","0000-00-00 00:00:00","2015-09-25 18:31:35"
"","Mukha","3DEDA602636311E5B83800FF59FBB323",85.00,"KG",1,"0708247C637011E5B83800FF59FBB323","0000-00-00 00:00:00","2015-09-25 18:31:35"
"","Mukha (BTC)","3DEDA602636311E5B83800FF59FBB323",0.00,"KG",1,"07088DD0637011E5B83800FF59FBB323","0000-00-00 00:00:00","2015-09-25 18:31:35"
"","Sapporo Beer","3E118937636311E5B83800FF59FBB323",65.00,"BOT",1,"072C24BD637011E5B83800FF59FBB323","0000-00-00 00:00:00","2015-09-25 18:31:35"
"","Mukha (Chicharon)","3DEDA602636311E5B83800FF59FBB323",80.00,"ORDER",1,"072E1D94637011E5B83800FF59FBB323","0000-00-00 00:00:00","2015-09-25 18:31:35"
"","Mukha (Laga)","3DEDA602636311E5B83800FF59FBB323",80.00,"KG",1,"073677D4637011E5B83800FF59FBB323","0000-00-00 00:00:00","2015-09-25 18:31:35"
"","Pata","3DEDA602636311E5B83800FF59FBB323",162.00,"ORDER",1,"0737AC10637011E5B83800FF59FBB323","0000-00-00 00:00:00","2015-09-25 18:31:35"
"","Pigue","3DEDA602636311E5B83800FF59FBB323",190.00,"KG",1,"0738D629637011E5B83800FF59FBB323","0000-00-00 00:00:00","2015-09-25 18:31:35"
"","Pork Belly","3DEDA602636311E5B83800FF59FBB323",170.00,"KG",1,"0739FFC8637011E5B83800FF59FBB323","0000-00-00 00:00:00","2015-09-25 18:31:35"
"","Pork Casim","3DEDA602636311E5B83800FF59FBB323",150.00,"KG",1,"073B1FC2637011E5B83800FF59FBB323","0000-00-00 00:00:00","2015-09-25 18:31:35"
"","Pork Chop","3DEDA602636311E5B83800FF59FBB323",155.00,"KG",1,"073C3FDA637011E5B83800FF59FBB323","0000-00-00 00:00:00","2015-09-25 18:31:35"
"","Pork Loin","3DEDA602636311E5B83800FF59FBB323",180.00,"KG",1,"073D50F8637011E5B83800FF59FBB323","0000-00-00 00:00:00","2015-09-25 18:31:35"
"","Pork Spareribs","3DEDA602636311E5B83800FF59FBB323",180.00,"KG",1,"073E2F85637011E5B83800FF59FBB323","0000-00-00 00:00:00","2015-09-25 18:31:35"
"","Hungarian","3DEE4E3A636311E5B83800FF59FBB323",15.50,"PC",1,"073EEB04637011E5B83800FF59FBB323","0000-00-00 00:00:00","2015-09-25 18:31:35"
"","Stella Artois","3E118937636311E5B83800FF59FBB323",60.00,"BOT",1,"073FD1C3637011E5B83800FF59FBB323","0000-00-00 00:00:00","2015-09-25 18:31:35"
"","Longganisa","3DEE4E3A636311E5B83800FF59FBB323",150.00,"KG",1,"0740ADC8637011E5B83800FF59FBB323","0000-00-00 00:00:00","2015-09-25 18:31:35"
"","Pepperoni","3DEE4E3A636311E5B83800FF59FBB323",304.55,"KG",1,"07481C7A637011E5B83800FF59FBB323","0000-00-00 00:00:00","2015-09-25 18:31:35"
"","Alabang House","3DEF06C2636311E5B83800FF59FBB323",310.95,"TRAN",0,"074D4ED1637011E5B83800FF59FBB323","0000-00-00 00:00:00","2015-09-25 18:31:35"
"","COMPANY ID","3DEF06C2636311E5B83800FF59FBB323",999.99,"",0,"0753ADB2637011E5B83800FF59FBB323","0000-00-00 00:00:00","2015-09-25 18:31:35"
"","House Rent","3DEF06C2636311E5B83800FF59FBB323",0.00,"TRAN",0,"075508CD637011E5B83800FF59FBB323","0000-00-00 00:00:00","2015-09-25 18:31:35"
"","Medicine","3DEF06C2636311E5B83800FF59FBB323",429.00,"TRAN",0,"07563F16637011E5B83800FF59FBB323","0000-00-00 00:00:00","2015-09-25 18:31:35"
"","Misc. Groceries","3DEF06C2636311E5B83800FF59FBB323",504.00,"TRAN",0,"075B0936637011E5B83800FF59FBB323","0000-00-00 00:00:00","2015-09-25 18:31:35"
"","Photocopying","3DEF06C2636311E5B83800FF59FBB323",240.00,"TRAN",0,"075C696A637011E5B83800FF59FBB323","0000-00-00 00:00:00","2015-09-25 18:31:35"
"","UNIFORM","3DEF06C2636311E5B83800FF59FBB323",999.99,"TRAN",0,"07630DCB637011E5B83800FF59FBB323","0000-00-00 00:00:00","2015-09-25 18:31:35"
"","Water Test","3DEF06C2636311E5B83800FF59FBB323",350.00,"TRAN",0,"0764ADF0637011E5B83800FF59FBB323","0000-00-00 00:00:00","2015-09-25 18:31:35"
"","Strong Ice","3E118937636311E5B83800FF59FBB323",26.25,"BOT",1,"07663C9E637011E5B83800FF59FBB323","0000-00-00 00:00:00","2015-09-25 18:31:35"
"","Office Supplies","3DEFB5AA636311E5B83800FF59FBB323",273.25,"TRAN",0,"076C4AF2637011E5B83800FF59FBB323","0000-00-00 00:00:00","2015-09-25 18:31:35"
"","Paper Roll","3DEFB5AA636311E5B83800FF59FBB323",0.20,"PC",0,"076E0335637011E5B83800FF59FBB323","0000-00-00 00:00:00","2015-09-25 18:31:35"
"","Thermal Paper","3DEFB5AA636311E5B83800FF59FBB323",23.00,"PC",0,"076ED357637011E5B83800FF59FBB323","0000-00-00 00:00:00","2015-09-25 18:31:35"
"","Pag-Ibig Loan Paymnt","3DF05A60636311E5B83800FF59FBB323",999.99,"TRAN",0,"076FCAE5637011E5B83800FF59FBB323","0000-00-00 00:00:00","2015-09-25 18:31:35"
"","Pag-Ibig Remittance","3DF0FAEA636311E5B83800FF59FBB323",999.99,"TRAN",0,"0770CA31637011E5B83800FF59FBB323","0000-00-00 00:00:00","2015-09-25 18:31:35"
"","Pest Control","3DF1B9B3636311E5B83800FF59FBB323",999.99,"TRAN",0,"07718FE3637011E5B83800FF59FBB323","0000-00-00 00:00:00","2015-09-25 18:31:35"
"","PhilHealth Remitance","3DF26B03636311E5B83800FF59FBB323",999.99,"TRAN",0,"07723862637011E5B83800FF59FBB323","0000-00-00 00:00:00","2015-09-25 18:31:35"
"","Professional Fee","3DF6E0AB636311E5B83800FF59FBB323",999.99,"TRAN",0,"0772D1B8637011E5B83800FF59FBB323","0000-00-00 00:00:00","2015-09-25 18:31:35"
"","Retainer's Fee","3DF6E0AB636311E5B83800FF59FBB323",999.99,"TRAN",0,"07738A30637011E5B83800FF59FBB323","0000-00-00 00:00:00","2015-09-25 18:31:35"
"","Aircon Charges","3DF79092636311E5B83800FF59FBB323",999.99,"TRAN",0,"07793708637011E5B83800FF59FBB323","0000-00-00 00:00:00","2015-09-25 18:31:35"
"","Super Dry","3E118937636311E5B83800FF59FBB323",32.46,"BOT",1,"0779E0DB637011E5B83800FF59FBB323","0000-00-00 00:00:00","2015-09-25 18:31:35"
"","Aircon Maintenance","3DF79092636311E5B83800FF59FBB323",999.99,"TRAN",0,"077D47F3637011E5B83800FF59FBB323","0000-00-00 00:00:00","2015-09-25 18:31:35"
"","Engineering","3DF79092636311E5B83800FF59FBB323",12.00,"TRAN",0,"077E1C6E637011E5B83800FF59FBB323","0000-00-00 00:00:00","2015-09-25 18:31:35"
"","Exhaust Charges","3DF79092636311E5B83800FF59FBB323",999.99,"TRAN",0,"077EEB86637011E5B83800FF59FBB323","0000-00-00 00:00:00","2015-09-25 18:31:35"
"","Garbage Hauling","3DF79092636311E5B83800FF59FBB323",220.00,"TRAN",0,"07834B53637011E5B83800FF59FBB323","0000-00-00 00:00:00","2015-09-25 18:31:35"
"","Grease Trap","3DF79092636311E5B83800FF59FBB323",999.99,"TRAN",0,"07847A0A637011E5B83800FF59FBB323","0000-00-00 00:00:00","2015-09-25 18:31:35"
"","Hardware","3DF79092636311E5B83800FF59FBB323",8.00,"TRAN",0,"0788FA13637011E5B83800FF59FBB323","0000-00-00 00:00:00","2015-09-25 18:31:35"
"","New Equipment","3DF79092636311E5B83800FF59FBB323",999.99,"TRAN",0,"078A4669637011E5B83800FF59FBB323","0000-00-00 00:00:00","2015-09-25 18:31:35"
"","Repair Expenses","3DF79092636311E5B83800FF59FBB323",999.99,"TRAN",0,"07955948637011E5B83800FF59FBB323","0000-00-00 00:00:00","2015-09-25 18:31:35"
"","Sprinkler","3DF79092636311E5B83800FF59FBB323",0.00,"TRAN",0,"07967B44637011E5B83800FF59FBB323","0000-00-00 00:00:00","2015-09-25 18:31:35"
"","Welding Works","3DF79092636311E5B83800FF59FBB323",0.00,"TRAN",0,"07979D02637011E5B83800FF59FBB323","0000-00-00 00:00:00","2015-09-25 18:31:35"
"","Cash Advance","3DF627B5636311E5B83800FF59FBB323",500.00,"TRAN",0,"079CD94B637011E5B83800FF59FBB323","0000-00-00 00:00:00","2015-09-25 18:31:35"
"","Alcoholic Malt Apple","3E13F8A9636311E5B83800FF59FBB323",21.25,"BOT",1,"07A19C01637011E5B83800FF59FBB323","0000-00-00 00:00:00","2015-09-25 18:31:35"
"","Air Freshener","3DF83B81636311E5B83800FF59FBB323",185.00,"LT",0,"07B00FB7637011E5B83800FF59FBB323","0000-00-00 00:00:00","2015-09-25 18:31:35"
"","Aluminum Foil","3DF83B81636311E5B83800FF59FBB323",809.50,"ROLL",0,"07BDC95A637011E5B83800FF59FBB323","0000-00-00 00:00:00","2015-09-25 18:31:35"
"","BBQ Stick","3DF83B81636311E5B83800FF59FBB323",0.27,"PC",0,"07C2C719637011E5B83800FF59FBB323","0000-00-00 00:00:00","2015-09-25 18:31:35"
"","Bar Supplies","3DF83B81636311E5B83800FF59FBB323",37.50,"TRAN",0,"07C3F71D637011E5B83800FF59FBB323","0000-00-00 00:00:00","2015-09-25 18:31:35"
"","Brown Paper","3DF83B81636311E5B83800FF59FBB323",1.10,"PC",0,"07C90D7D637011E5B83800FF59FBB323","0000-00-00 00:00:00","2015-09-25 18:31:35"
"","Charcoal","3DF83B81636311E5B83800FF59FBB323",250.00,"SACK",0,"07CA2A88637011E5B83800FF59FBB323","0000-00-00 00:00:00","2015-09-25 18:31:35"
"","Chinaware","3DF83B81636311E5B83800FF59FBB323",999.99,"TRAN",0,"07CB3E70637011E5B83800FF59FBB323","0000-00-00 00:00:00","2015-09-25 18:31:35"
"","Cling Wrapp","3DF83B81636311E5B83800FF59FBB323",636.36,"ROLL",0,"07CC544C637011E5B83800FF59FBB323","0000-00-00 00:00:00","2015-09-25 18:31:35"
"","Cocktail Toothpick","3DF83B81636311E5B83800FF59FBB323",0.16,"PC",0,"07CD8AE4637011E5B83800FF59FBB323","0000-00-00 00:00:00","2015-09-25 18:31:35"
"","Crema Tray","3DF83B81636311E5B83800FF59FBB323",14.50,"PC",0,"07CE9D08637011E5B83800FF59FBB323","0000-00-00 00:00:00","2015-09-25 18:31:35"
"","Alcoholic Malt Lemon","3E13F8A9636311E5B83800FF59FBB323",21.25,"BOT",1,"07CFD49E637011E5B83800FF59FBB323","0000-00-00 00:00:00","2015-09-25 18:31:35"
"","D.W. Paste","3DF83B81636311E5B83800FF59FBB323",38.00,"KG",0,"07D09E4E637011E5B83800FF59FBB323","0000-00-00 00:00:00","2015-09-25 18:31:35"
"","Decors","3DF83B81636311E5B83800FF59FBB323",50.00,"SET",0,"07D144A2637011E5B83800FF59FBB323","0000-00-00 00:00:00","2015-09-25 18:31:35"
"","Detergent Powder","3DF83B81636311E5B83800FF59FBB323",35.00,"TRAN",0,"07D1EC95637011E5B83800FF59FBB323","0000-00-00 00:00:00","2015-09-25 18:31:35"
"","Mop Head","3DF83B81636311E5B83800FF59FBB323",204.60,"PC",0,"07D2911E637011E5B83800FF59FBB323","0000-00-00 00:00:00","2015-09-25 18:31:35"
"","Order Slip","3DF83B81636311E5B83800FF59FBB323",15.00,"PC",0,"07D33728637011E5B83800FF59FBB323","0000-00-00 00:00:00","2015-09-25 18:31:35"
"","Oyster Shell","3DF83B81636311E5B83800FF59FBB323",35.00,"KG",0,"07D3D890637011E5B83800FF59FBB323","0000-00-00 00:00:00","2015-09-25 18:31:35"
"","Pizza Box","3DF83B81636311E5B83800FF59FBB323",10.00,"PC",0,"07D480ED637011E5B83800FF59FBB323","0000-00-00 00:00:00","2015-09-25 18:31:35"
"","Placemat","3DF83B81636311E5B83800FF59FBB323",0.30,"PC",0,"07D52680637011E5B83800FF59FBB323","0000-00-00 00:00:00","2015-09-25 18:31:35"
"","Plastic Twine","3DF83B81636311E5B83800FF59FBB323",90.00,"ROLL",0,"07D9C8BE637011E5B83800FF59FBB323","0000-00-00 00:00:00","2015-09-25 18:31:35"
"","Red Straw","3DF83B81636311E5B83800FF59FBB323",0.15,"PC",0,"07DA8D30637011E5B83800FF59FBB323","0000-00-00 00:00:00","2015-09-25 18:31:35"
"","Gilbeys Premium","3E13F8A9636311E5B83800FF59FBB323",38.00,"BOT",1,"07DB3929637011E5B83800FF59FBB323","0000-00-00 00:00:00","2015-09-25 18:31:35"
"","Restaurant Supplies","3DF83B81636311E5B83800FF59FBB323",148.75,"TRAN",0,"07DBDF3B637011E5B83800FF59FBB323","0000-00-00 00:00:00","2015-09-25 18:31:35"
"","Rollo Bag 10""","3DF83B81636311E5B83800FF59FBB323",0.22,"PC",0,"07DC85D5637011E5B83800FF59FBB323","0000-00-00 00:00:00","2015-09-25 18:31:35"
"","Rollo Bag 8""","3DF83B81636311E5B83800FF59FBB323",0.35,"PC",0,"07E197BC637011E5B83800FF59FBB323","0000-00-00 00:00:00","2015-09-25 18:31:35"
"","Sando Bag Large","3DF83B81636311E5B83800FF59FBB323",1.50,"PC",0,"07E3FA0F637011E5B83800FF59FBB323","0000-00-00 00:00:00","2015-09-25 18:31:35"
"","Sando Bag Medium","3DF83B81636311E5B83800FF59FBB323",0.65,"PC",0,"07E4C686637011E5B83800FF59FBB323","0000-00-00 00:00:00","2015-09-25 18:31:35"
"","Sando Bag Small","3DF83B81636311E5B83800FF59FBB323",0.35,"PC",0,"07E56C04637011E5B83800FF59FBB323","0000-00-00 00:00:00","2015-09-25 18:31:35"
"","Styro Big","3DF83B81636311E5B83800FF59FBB323",4.80,"PC",0,"07E8A451637011E5B83800FF59FBB323","0000-00-00 00:00:00","2015-09-25 18:31:35"
"","Styro Meduim","3DF83B81636311E5B83800FF59FBB323",4.00,"PC",0,"07EAA799637011E5B83800FF59FBB323","0000-00-00 00:00:00","2015-09-25 18:31:35"
"","Styro Small","3DF83B81636311E5B83800FF59FBB323",1.45,"PC",0,"07EBE526637011E5B83800FF59FBB323","0000-00-00 00:00:00","2015-09-25 18:31:35"
"","Toothpick","3DF83B81636311E5B83800FF59FBB323",0.05,"PC",0,"07ED4A53637011E5B83800FF59FBB323","0000-00-00 00:00:00","2015-09-25 18:31:35"
"","Tanduay Ice","3E13F8A9636311E5B83800FF59FBB323",18.75,"BOT",1,"07EEE072637011E5B83800FF59FBB323","0000-00-00 00:00:00","2015-09-25 18:31:35"
"","Trash Bag","3DF83B81636311E5B83800FF59FBB323",7.00,"PC",0,"07F044EA637011E5B83800FF59FBB323","0000-00-00 00:00:00","2015-09-25 18:31:35"
"","White Bending Straw","3DF83B81636311E5B83800FF59FBB323",0.25,"PC",0,"07F1F613637011E5B83800FF59FBB323","0000-00-00 00:00:00","2015-09-25 18:31:35"
"","Wooden Chopstick","3DF83B81636311E5B83800FF59FBB323",2.48,"PC",0,"07F389DA637011E5B83800FF59FBB323","0000-00-00 00:00:00","2015-09-25 18:31:35"
"","Rice","3DF8FB71636311E5B83800FF59FBB323",41.45,"KG",1,"07F58447637011E5B83800FF59FBB323","0000-00-00 00:00:00","2015-09-25 18:31:35"
"","SSS Ee Loan Payment","SSS Loan Payment",999.99,"TRAN",0,"07F81EB3637011E5B83800FF59FBB323","0000-00-00 00:00:00","2015-09-25 18:27:32"
"","SSS Ee Remittance","3DF9D4C8636311E5B83800FF59FBB323",872.00,"TRAN",0,"07FA209A637011E5B83800FF59FBB323","0000-00-00 00:00:00","2015-09-25 18:31:35"
"","SSS Er Remittance","3DF9D4C8636311E5B83800FF59FBB323",999.99,"TRAN",0,"07FB1129637011E5B83800FF59FBB323","0000-00-00 00:00:00","2015-09-25 18:31:35"
"","S.I.L","3DFA869C636311E5B83800FF59FBB323",573.23,"TRAN",0,"07FBC82B637011E5B83800FF59FBB323","0000-00-00 00:00:00","2015-09-25 18:31:35"
"","Salary","3DFA869C636311E5B83800FF59FBB323",494.50,"TRAN",0,"07FC73FB637011E5B83800FF59FBB323","0000-00-00 00:00:00","2015-09-25 18:31:35"
"","Salary Trainee","3DFEA7CA636311E5B83800FF59FBB323",489.32,"TRAN",0,"07FD438E637011E5B83800FF59FBB323","0000-00-00 00:00:00","2015-09-25 18:31:35"
"","Tanduay Ice Black","3E13F8A9636311E5B83800FF59FBB323",19.17,"BOT",1,"07FE00E5637011E5B83800FF59FBB323","0000-00-00 00:00:00","2015-09-25 18:31:35"
"","Blue Marlin","3E01825B636311E5B83800FF59FBB323",380.00,"KG",1,"07FEACFB637011E5B83800FF59FBB323","0000-00-00 00:00:00","2015-09-25 18:31:35"
"","Boneless Bangus","3E01825B636311E5B83800FF59FBB323",173.00,"KG",1,"07FF6BB4637011E5B83800FF59FBB323","0000-00-00 00:00:00","2015-09-25 18:31:35"
"","Cream Dory","3E01825B636311E5B83800FF59FBB323",105.00,"KG",1,"08004374637011E5B83800FF59FBB323","0000-00-00 00:00:00","2015-09-25 18:31:35"
"","Fish Fillet","3E01825B636311E5B83800FF59FBB323",105.00,"KG",1,"0800EDBA637011E5B83800FF59FBB323","0000-00-00 00:00:00","2015-09-25 18:31:35"
"","Gindara","3E01825B636311E5B83800FF59FBB323",180.00,"KG",1,"080190F2637011E5B83800FF59FBB323","0000-00-00 00:00:00","2015-09-25 18:31:35"
"","Lapu-Lapu Head","3E01825B636311E5B83800FF59FBB323",380.00,"KG",1,"08025673637011E5B83800FF59FBB323","0000-00-00 00:00:00","2015-09-25 18:31:35"
"","Lumot","3E01825B636311E5B83800FF59FBB323",120.00,"KG",1,"08031579637011E5B83800FF59FBB323","0000-00-00 00:00:00","2015-09-25 18:31:35"
"","Salmon Belly","3E01825B636311E5B83800FF59FBB323",260.00,"KG",1,"0803C11C637011E5B83800FF59FBB323","0000-00-00 00:00:00","2015-09-25 18:31:35"
"","Salmon Fillet","3E01825B636311E5B83800FF59FBB323",580.00,"KG",1,"08046607637011E5B83800FF59FBB323","0000-00-00 00:00:00","2015-09-25 18:31:35"
"","Salmon Head","3E01825B636311E5B83800FF59FBB323",115.00,"KG",1,"080547C1637011E5B83800FF59FBB323","0000-00-00 00:00:00","2015-09-25 18:31:35"
"","Tanduay Ice Blue","3E13F8A9636311E5B83800FF59FBB323",18.75,"BOT",1,"0805F5DD637011E5B83800FF59FBB323","0000-00-00 00:00:00","2015-09-25 18:31:35"
"","Squid Ring","3E01825B636311E5B83800FF59FBB323",210.00,"KG",1,"080699C5637011E5B83800FF59FBB323","0000-00-00 00:00:00","2015-09-25 18:31:35"
"","Squid Tubes","3E01825B636311E5B83800FF59FBB323",190.00,"KG",1,"0807506C637011E5B83800FF59FBB323","0000-00-00 00:00:00","2015-09-25 18:31:35"
"","Tanigue","3E01825B636311E5B83800FF59FBB323",370.00,"KG",1,"08081419637011E5B83800FF59FBB323","0000-00-00 00:00:00","2015-09-25 18:31:35"
"","Tilapia","3E01825B636311E5B83800FF59FBB323",110.00,"KG",1,"0808BD17637011E5B83800FF59FBB323","0000-00-00 00:00:00","2015-09-25 18:31:35"
"","Tuna Belly","3E01825B636311E5B83800FF59FBB323",300.00,"KG",1,"080965EB637011E5B83800FF59FBB323","0000-00-00 00:00:00","2015-09-25 18:31:35"
"","Tuna Loin","3E01825B636311E5B83800FF59FBB323",450.00,"KG",1,"080A4083637011E5B83800FF59FBB323","0000-00-00 00:00:00","2015-09-25 18:31:35"
"","Tuna Panga","3E01825B636311E5B83800FF59FBB323",110.00,"KG",1,"080AF3D4637011E5B83800FF59FBB323","0000-00-00 00:00:00","2015-09-25 18:31:35"
"","Tuna Tail","3E01825B636311E5B83800FF59FBB323",140.00,"KG",1,"080BA43F637011E5B83800FF59FBB323","0000-00-00 00:00:00","2015-09-25 18:31:35"
"","Alamang","3E026572636311E5B83800FF59FBB323",60.00,"KG",1,"080C10DC637011E5B83800FF59FBB323","0000-00-00 00:00:00","2015-09-25 18:31:35"
"","Cajun Shrimp","3E026572636311E5B83800FF59FBB323",550.00,"KG",1,"080C9DDA637011E5B83800FF59FBB323","0000-00-00 00:00:00","2015-09-25 18:31:35"
"","Tanduay Ice Magnum","3E13F8A9636311E5B83800FF59FBB323",8.75,"BOT",1,"080D13F5637011E5B83800FF59FBB323","0000-00-00 00:00:00","2015-09-25 18:31:35"
"","Clams","3E026572636311E5B83800FF59FBB323",95.00,"KG",1,"080D8170637011E5B83800FF59FBB323","0000-00-00 00:00:00","2015-09-25 18:31:35"
"","Crablets","3E026572636311E5B83800FF59FBB323",150.00,"KG",1,"080DE8CB637011E5B83800FF59FBB323","0000-00-00 00:00:00","2015-09-25 18:31:35"
"","Gambas","3E026572636311E5B83800FF59FBB323",520.00,"KG",1,"080E4E76637011E5B83800FF59FBB323","0000-00-00 00:00:00","2015-09-25 18:31:35"
"","Imported Clams","3E026572636311E5B83800FF59FBB323",180.00,"KG",1,"080EC406637011E5B83800FF59FBB323","0000-00-00 00:00:00","2015-09-25 18:31:35"
"","Mussels","3E026572636311E5B83800FF59FBB323",105.00,"KG",1,"080F4DF0637011E5B83800FF59FBB323","0000-00-00 00:00:00","2015-09-25 18:31:35"
"","Oyster","3E026572636311E5B83800FF59FBB323",0.32,"GRMS",1,"080FC604637011E5B83800FF59FBB323","0000-00-00 00:00:00","2015-09-25 18:31:35"
"","Prawns","3E026572636311E5B83800FF59FBB323",600.00,"KG",1,"08103247637011E5B83800FF59FBB323","0000-00-00 00:00:00","2015-09-25 18:31:35"
"","Scallops","3E026572636311E5B83800FF59FBB323",280.00,"KG",1,"0810924A637011E5B83800FF59FBB323","0000-00-00 00:00:00","2015-09-25 18:31:35"
"","Squid Balls","3E026572636311E5B83800FF59FBB323",1.14,"PC",1,"0810EB00637011E5B83800FF59FBB323","0000-00-00 00:00:00","2015-09-25 18:31:35"
"","Suahe","3E026572636311E5B83800FF59FBB323",400.00,"KG",1,"08115C2B637011E5B83800FF59FBB323","0000-00-00 00:00:00","2015-09-25 18:31:35"
"","Tanduay Ice Pink","3E13F8A9636311E5B83800FF59FBB323",18.75,"BOT",1,"0811C8DD637011E5B83800FF59FBB323","0000-00-00 00:00:00","2015-09-25 18:31:35"
"","Tagunton","3E026572636311E5B83800FF59FBB323",250.00,"KG",1,"081227F9637011E5B83800FF59FBB323","0000-00-00 00:00:00","2015-09-25 18:31:35"
"","Hot Sauce","3E02EBE9636311E5B83800FF59FBB323",393.16,"LT",1,"08128307637011E5B83800FF59FBB323","0000-00-00 00:00:00","2015-09-25 18:31:35"
"","Seasoning","3E02EBE9636311E5B83800FF59FBB323",162.76,"LT",1,"0812DC2D637011E5B83800FF59FBB323","0000-00-00 00:00:00","2015-09-25 18:31:35"
"","Security Service","3E04087E636311E5B83800FF59FBB323",999.99,"TRAN",0,"081335A4637011E5B83800FF59FBB323","0000-00-00 00:00:00","2015-09-25 18:31:35"
"","Additional Fund","3E050405636311E5B83800FF59FBB323",0.00,"TRAN",0,"08138DD7637011E5B83800FF59FBB323","0000-00-00 00:00:00","2015-09-25 18:31:35"
"","Annual Advertisement","3E050405636311E5B83800FF59FBB323",0.00,"TRANS",0,"0819FB0A637011E5B83800FF59FBB323","0000-00-00 00:00:00","2015-09-25 18:31:35"
"","Construction Bond","3E050405636311E5B83800FF59FBB323",0.00,"TRANS",0,"081AFD31637011E5B83800FF59FBB323","0000-00-00 00:00:00","2015-09-25 18:31:35"
"","Early Closed Penalty","3E050405636311E5B83800FF59FBB323",0.00,"TRANS",0,"081BF2A1637011E5B83800FF59FBB323","0000-00-00 00:00:00","2015-09-25 18:31:35"
"","Late Closure Penalty","3E050405636311E5B83800FF59FBB323",0.00,"TRANS",0,"081CDEB3637011E5B83800FF59FBB323","0000-00-00 00:00:00","2015-09-25 18:31:35"
"","Late Opening Penalty","3E050405636311E5B83800FF59FBB323",0.00,"TRANS",0,"081DC277637011E5B83800FF59FBB323","0000-00-00 00:00:00","2015-09-25 18:31:35"
"","Tanduay Ice Red","3E13F8A9636311E5B83800FF59FBB323",18.75,"BOT",1,"081E76AE637011E5B83800FF59FBB323","0000-00-00 00:00:00","2015-09-25 18:31:35"
"","Overtime Charges","3E050405636311E5B83800FF59FBB323",0.00,"TRANS",0,"081F0EEE637011E5B83800FF59FBB323","0000-00-00 00:00:00","2015-09-25 18:31:35"
"","Security Deposit","3E050405636311E5B83800FF59FBB323",0.00,"TRANS",0,"081FA1BE637011E5B83800FF59FBB323","0000-00-00 00:00:00","2015-09-25 18:31:35"
"","Space Leased","3E050405636311E5B83800FF59FBB323",999.99,"TRAN",0,"082033F2637011E5B83800FF59FBB323","0000-00-00 00:00:00","2015-09-25 18:31:35"
"","Bathroom Tissue","3E06AE06636311E5B83800FF59FBB323",30.00,"PACK",0,"0820D7D2637011E5B83800FF59FBB323","0000-00-00 00:00:00","2015-09-25 18:31:35"
"","Table Napkin","3E06AE06636311E5B83800FF59FBB323",0.09,"PC",0,"08216D1A637011E5B83800FF59FBB323","0000-00-00 00:00:00","2015-09-25 18:31:35"
"","BIR","3E0598CE636311E5B83800FF59FBB323",999.99,"TRAN",0,"08220474637011E5B83800FF59FBB323","0000-00-00 00:00:00","2015-09-25 18:31:35"
"","City Hall","3E0598CE636311E5B83800FF59FBB323",999.99,"TRAN",0,"0822983A637011E5B83800FF59FBB323","0000-00-00 00:00:00","2015-09-25 18:31:35"
"","Documentary Stamp","3E0598CE636311E5B83800FF59FBB323",0.00,"TRAN",0,"082332BD637011E5B83800FF59FBB323","0000-00-00 00:00:00","2015-09-25 18:31:35"
"","Insurance","3E0598CE636311E5B83800FF59FBB323",0.00,"TRAN",0,"0823C79E637011E5B83800FF59FBB323","0000-00-00 00:00:00","2015-09-25 18:31:35"
"","Taxes & Licenses","3E0598CE636311E5B83800FF59FBB323",999.99,"TRAN",0,"08245F04637011E5B83800FF59FBB323","0000-00-00 00:00:00","2015-09-25 18:31:35"
"","Tanduay Ice Yellow","3E13F8A9636311E5B83800FF59FBB323",18.75,"BOT",1,"0824F2AA637011E5B83800FF59FBB323","0000-00-00 00:00:00","2015-09-25 18:31:35"
"","Telecom","3E06248C636311E5B83800FF59FBB323",999.99,"TRAN",0,"08258ACD637011E5B83800FF59FBB323","0000-00-00 00:00:00","2015-09-25 18:31:35"
"","Paper Towel","3E06AE06636311E5B83800FF59FBB323",28.00,"PACK",0,"08261D78637011E5B83800FF59FBB323","0000-00-00 00:00:00","2015-09-25 18:31:35"
"","Bagger","3E09FF0D636311E5B83800FF59FBB323",20.00,"TRAN",0,"0826B566637011E5B83800FF59FBB323","0000-00-00 00:00:00","2015-09-25 18:31:35"
"","Diesel","3E09FF0D636311E5B83800FF59FBB323",25.00,"TRAN",0,"08274351637011E5B83800FF59FBB323","0000-00-00 00:00:00","2015-09-25 18:31:35"
"","Parking Fee","3E09FF0D636311E5B83800FF59FBB323",30.00,"TRAN",0,"0827D089637011E5B83800FF59FBB323","0000-00-00 00:00:00","2015-09-25 18:31:35"
"","Tollgate","3E09FF0D636311E5B83800FF59FBB323",24.00,"TRAN",0,"08286214637011E5B83800FF59FBB323","0000-00-00 00:00:00","2015-09-25 18:31:35"
"","Transpo","3E09FF0D636311E5B83800FF59FBB323",22.00,"TRAN",0,"08290977637011E5B83800FF59FBB323","0000-00-00 00:00:00","2015-09-25 18:31:35"
"","Ampalaya","3E0A7F70636311E5B83800FF59FBB323",65.00,"KG",1,"08299F8D637011E5B83800FF59FBB323","0000-00-00 00:00:00","2015-09-25 18:31:35"
"","Asparagus","3E0A7F70636311E5B83800FF59FBB323",40.00,"KG",1,"082A3194637011E5B83800FF59FBB323","0000-00-00 00:00:00","2015-09-25 18:31:35"
"","Baguio Beans","3E0A7F70636311E5B83800FF59FBB323",70.00,"KG",1,"082ABC4B637011E5B83800FF59FBB323","0000-00-00 00:00:00","2015-09-25 18:31:35"
"","Marlboro Black","3E0380D3636311E5B83800FF59FBB323",50.10,"PACK",1,"082B4B46637011E5B83800FF59FBB323","0000-00-00 00:00:00","2015-09-25 18:31:35"
"","Vodka Cruiser Blue.","3E13F8A9636311E5B83800FF59FBB323",50.00,"BOT",1,"082BCC5D637011E5B83800FF59FBB323","0000-00-00 00:00:00","2015-09-25 18:31:35"
"","Basil Leaves","3E0A7F70636311E5B83800FF59FBB323",5.28,"GRMS",1,"082C377D637011E5B83800FF59FBB323","0000-00-00 00:00:00","2015-09-25 18:31:35"
"","Beans","3E0A7F70636311E5B83800FF59FBB323",50.00,"KG",1,"082CA39B637011E5B83800FF59FBB323","0000-00-00 00:00:00","2015-09-25 18:31:35"
"","Broccoli","3E0A7F70636311E5B83800FF59FBB323",260.00,"KG",1,"082D0CD1637011E5B83800FF59FBB323","0000-00-00 00:00:00","2015-09-25 18:31:35"
"","Cabbage","3E0A7F70636311E5B83800FF59FBB323",70.00,"KG",1,"082D6F37637011E5B83800FF59FBB323","0000-00-00 00:00:00","2015-09-25 18:31:35"
"","Calamansi","3E0A7F70636311E5B83800FF59FBB323",35.00,"KG",1,"082DD03D637011E5B83800FF59FBB323","0000-00-00 00:00:00","2015-09-25 18:31:35"
"","Carrots","3E0A7F70636311E5B83800FF59FBB323",100.00,"KG",1,"082E33FC637011E5B83800FF59FBB323","0000-00-00 00:00:00","2015-09-25 18:31:35"
"","Cauliflower","3E0A7F70636311E5B83800FF59FBB323",180.00,"KG",1,"082E9993637011E5B83800FF59FBB323","0000-00-00 00:00:00","2015-09-25 18:31:35"
"","Celery","3E0A7F70636311E5B83800FF59FBB323",100.00,"KG",1,"082EFB65637011E5B83800FF59FBB323","0000-00-00 00:00:00","2015-09-25 18:31:35"
"","Cilantro","3E0A7F70636311E5B83800FF59FBB323",0.00,"KG",1,"082F7ADE637011E5B83800FF59FBB323","0000-00-00 00:00:00","2015-09-25 18:31:35"
"","Corn (Fresh)","3E0A7F70636311E5B83800FF59FBB323",40.00,"KG",1,"082FE01B637011E5B83800FF59FBB323","0000-00-00 00:00:00","2015-09-25 18:31:35"
"","Vodka Cruiser Rasp.","3E13F8A9636311E5B83800FF59FBB323",50.00,"BOT",1,"0830421A637011E5B83800FF59FBB323","0000-00-00 00:00:00","2015-09-25 18:31:35"
"","Cucumber","3E0A7F70636311E5B83800FF59FBB323",50.00,"KG",1,"0830AB5D637011E5B83800FF59FBB323","0000-00-00 00:00:00","2015-09-25 18:31:35"
"","Dried Mushroom","3E0A7F70636311E5B83800FF59FBB323",536.67,"KG",1,"0831129F637011E5B83800FF59FBB323","0000-00-00 00:00:00","2015-09-25 18:31:35"
"","Eggplant","3E0A7F70636311E5B83800FF59FBB323",50.00,"KG",1,"083174F5637011E5B83800FF59FBB323","0000-00-00 00:00:00","2015-09-25 18:31:35"
"","Fresh Mushroom","3E0A7F70636311E5B83800FF59FBB323",129.00,"KG",1,"0831DCDF637011E5B83800FF59FBB323","0000-00-00 00:00:00","2015-09-25 18:31:35"
"","Fresh Peanuts","3E0A7F70636311E5B83800FF59FBB323",120.00,"KG",1,"083242EE637011E5B83800FF59FBB323","0000-00-00 00:00:00","2015-09-25 18:31:35"
"","Gabi Leaves","3E0A7F70636311E5B83800FF59FBB323",30.00,"KG",1,"0832A8A5637011E5B83800FF59FBB323","0000-00-00 00:00:00","2015-09-25 18:31:35"
"","Garlic","3E0A7F70636311E5B83800FF59FBB323",90.00,"KG",1,"08330B9F637011E5B83800FF59FBB323","0000-00-00 00:00:00","2015-09-25 18:31:35"
"","Ginger","3E0A7F70636311E5B83800FF59FBB323",150.00,"KG",1,"08336E1E637011E5B83800FF59FBB323","0000-00-00 00:00:00","2015-09-25 18:31:35"
"","Green Bell Pepper","3E0A7F70636311E5B83800FF59FBB323",200.00,"KG",1,"0833D1BC637011E5B83800FF59FBB323","0000-00-00 00:00:00","2015-09-25 18:31:35"
"","Heart Of Romain","3E0A7F70636311E5B83800FF59FBB323",60.00,"KG",1,"083871E0637011E5B83800FF59FBB323","0000-00-00 00:00:00","2015-09-25 18:31:35"
"","Vodka Ice","3E13F8A9636311E5B83800FF59FBB323",75.00,"BOT",1,"0838E62B637011E5B83800FF59FBB323","0000-00-00 00:00:00","2015-09-25 18:31:35"
"","Hot Pepper Leaves","3E0A7F70636311E5B83800FF59FBB323",60.00,"KG",1,"083986A9637011E5B83800FF59FBB323","0000-00-00 00:00:00","2015-09-25 18:31:35"
"","Kangkong","3E0A7F70636311E5B83800FF59FBB323",33.33,"KG",1,"083A3311637011E5B83800FF59FBB323","0000-00-00 00:00:00","2015-09-25 18:31:35"
"","Kinchay","3E0A7F70636311E5B83800FF59FBB323",200.00,"KG",1,"0858A1AD637011E5B83800FF59FBB323","0000-00-00 00:00:00","2015-09-25 18:31:35"
"","Lettuce","3E0A7F70636311E5B83800FF59FBB323",100.00,"KG",1,"085B71FE637011E5B83800FF59FBB323","0000-00-00 00:00:00","2015-09-25 18:31:35"
"","Mint Leaves","3E0A7F70636311E5B83800FF59FBB323",200.00,"KG",1,"085C8AD7637011E5B83800FF59FBB323","0000-00-00 00:00:00","2015-09-25 18:31:35"
"","Miso","3E0A7F70636311E5B83800FF59FBB323",20.00,"KG",1,"085D9A45637011E5B83800FF59FBB323","0000-00-00 00:00:00","2015-09-25 18:31:35"
"","Mixed Vegetables","3E0A7F70636311E5B83800FF59FBB323",45.00,"KG",1,"085ED8A3637011E5B83800FF59FBB323","0000-00-00 00:00:00","2015-09-25 18:31:35"
"","Mustasa","3E0A7F70636311E5B83800FF59FBB323",105.10,"KG",1,"085FF245637011E5B83800FF59FBB323","0000-00-00 00:00:00","2015-09-25 18:31:35"
"","Niyog","3E0A7F70636311E5B83800FF59FBB323",25.00,"PC",1,"086103BC637011E5B83800FF59FBB323","0000-00-00 00:00:00","2015-09-25 18:31:35"
"","Okra","3E0A7F70636311E5B83800FF59FBB323",59.00,"KG",1,"086215CC637011E5B83800FF59FBB323","0000-00-00 00:00:00","2015-09-25 18:31:35"
"","Apricot Brandy","3DB3F09F636311E5B83800FF59FBB323",5.40,"SHOT",1,"0862EB3D637011E5B83800FF59FBB323","0000-00-00 00:00:00","2015-09-25 18:31:35"
"","Onion Leeks","3E0A7F70636311E5B83800FF59FBB323",80.00,"KG",1,"08638FBE637011E5B83800FF59FBB323","0000-00-00 00:00:00","2015-09-25 18:31:35"
"","Onion Red","3E0A7F70636311E5B83800FF59FBB323",60.00,"KG",1,"086435B3637011E5B83800FF59FBB323","0000-00-00 00:00:00","2015-09-25 18:31:35"
"","Onion White","3E0A7F70636311E5B83800FF59FBB323",45.00,"KG",1,"0864DBF7637011E5B83800FF59FBB323","0000-00-00 00:00:00","2015-09-25 18:31:35"
"","Pandan Leaves","3E0A7F70636311E5B83800FF59FBB323",100.00,"KG",1,"086A879B637011E5B83800FF59FBB323","0000-00-00 00:00:00","2015-09-25 18:31:35"
"","Papaya","3E0A7F70636311E5B83800FF59FBB323",25.00,"KG",1,"086C3F3A637011E5B83800FF59FBB323","0000-00-00 00:00:00","2015-09-25 18:31:35"
"","Parsley","3E0A7F70636311E5B83800FF59FBB323",820.83,"KG",1,"086CB658637011E5B83800FF59FBB323","0000-00-00 00:00:00","2015-09-25 18:31:35"
"","Pechay Tagalog","3E0A7F70636311E5B83800FF59FBB323",60.00,"KG",1,"086D251B637011E5B83800FF59FBB323","0000-00-00 00:00:00","2015-09-25 18:31:35"
"","Potato","3E0A7F70636311E5B83800FF59FBB323",50.00,"KG",1,"08720FE1637011E5B83800FF59FBB323","0000-00-00 00:00:00","2015-09-25 18:31:35"
"","Puso ng Saging","3E0A7F70636311E5B83800FF59FBB323",40.00,"KG",1,"087319A2637011E5B83800FF59FBB323","0000-00-00 00:00:00","2015-09-25 18:31:35"
"","Raddish","3E0A7F70636311E5B83800FF59FBB323",60.00,"KG",1,"0875A9CE637011E5B83800FF59FBB323","0000-00-00 00:00:00","2015-09-25 18:31:35"
"","Carlos 1 700ml","3DB3F09F636311E5B83800FF59FBB323",41.30,"SHOT",1,"08769E81637011E5B83800FF59FBB323","0000-00-00 00:00:00","2015-09-25 18:31:35"
"","Red Beans","3E0A7F70636311E5B83800FF59FBB323",180.00,"KG",1,"0877A4E8637011E5B83800FF59FBB323","0000-00-00 00:00:00","2015-09-25 18:31:35"
"","Red Bell Pepper","3E0A7F70636311E5B83800FF59FBB323",200.00,"KG",1,"08789AC6637011E5B83800FF59FBB323","0000-00-00 00:00:00","2015-09-25 18:31:35"
"","Saba","3E0A7F70636311E5B83800FF59FBB323",5.00,"PC",1,"0880A17A637011E5B83800FF59FBB323","0000-00-00 00:00:00","2015-09-25 18:31:35"
"","Sili Labuyo","3E0A7F70636311E5B83800FF59FBB323",400.00,"KG",1,"0888BF9C637011E5B83800FF59FBB323","0000-00-00 00:00:00","2015-09-25 18:31:35"
"","Sili Sigang","3E0A7F70636311E5B83800FF59FBB323",120.00,"KG",1,"088DD22F637011E5B83800FF59FBB323","0000-00-00 00:00:00","2015-09-25 18:31:35"
"","Sitsaro","3E0A7F70636311E5B83800FF59FBB323",150.00,"KG",1,"088FBF03637011E5B83800FF59FBB323","0000-00-00 00:00:00","2015-09-25 18:31:35"
"","Spinach","3E0A7F70636311E5B83800FF59FBB323",100.00,"KG",1,"08956D65637011E5B83800FF59FBB323","0000-00-00 00:00:00","2015-09-25 18:31:35"
"","Spring Onion","3E0A7F70636311E5B83800FF59FBB323",164.21,"KG",1,"0896452E637011E5B83800FF59FBB323","0000-00-00 00:00:00","2015-09-25 18:31:35"
"","Squash","3E0A7F70636311E5B83800FF59FBB323",35.00,"KG",1,"0896EFEB637011E5B83800FF59FBB323","0000-00-00 00:00:00","2015-09-25 18:31:35"
"","String Beans","3E0A7F70636311E5B83800FF59FBB323",25.00,"KG",1,"0897B042637011E5B83800FF59FBB323","0000-00-00 00:00:00","2015-09-25 18:31:35"
"","Carlos 1 Liter","3DB3F09F636311E5B83800FF59FBB323",42.12,"SHOT",1,"089A2EEF637011E5B83800FF59FBB323","0000-00-00 00:00:00","2015-09-25 18:31:35"
"","Sweet Peas","3E0A7F70636311E5B83800FF59FBB323",130.50,"KG",1,"089C1597637011E5B83800FF59FBB323","0000-00-00 00:00:00","2015-09-25 18:31:35"
"","Tanglad","3E0A7F70636311E5B83800FF59FBB323",50.00,"KG",1,"089D30AA637011E5B83800FF59FBB323","0000-00-00 00:00:00","2015-09-25 18:31:35"
"","Toge","3E0A7F70636311E5B83800FF59FBB323",40.00,"KG",1,"089F4120637011E5B83800FF59FBB323","0000-00-00 00:00:00","2015-09-25 18:31:35"
"","Tokwa","3E0A7F70636311E5B83800FF59FBB323",4.00,"PC",1,"08A06D09637011E5B83800FF59FBB323","0000-00-00 00:00:00","2015-09-25 18:31:35"
"","Tomato","3E0A7F70636311E5B83800FF59FBB323",40.00,"KG",1,"08A2A858637011E5B83800FF59FBB323","0000-00-00 00:00:00","2015-09-25 18:31:35"
"","Ubod","3E0A7F70636311E5B83800FF59FBB323",50.00,"KG",1,"08A342B6637011E5B83800FF59FBB323","0000-00-00 00:00:00","2015-09-25 18:31:35"
"","Winged Bean","3E0A7F70636311E5B83800FF59FBB323",70.00,"KG",1,"08A507E6637011E5B83800FF59FBB323","0000-00-00 00:00:00","2015-09-25 18:31:35"
"","Young Corn","3E0A7F70636311E5B83800FF59FBB323",100.00,"KG",1,"08A729DB637011E5B83800FF59FBB323","0000-00-00 00:00:00","2015-09-25 18:31:35"
"","Water Bill","3E0B12C0636311E5B83800FF59FBB323",999.99,"TRAN",0,"08A9735B637011E5B83800FF59FBB323","0000-00-00 00:00:00","2015-09-25 18:31:35"
"","Fundador Exclu Liter","3DB3F09F636311E5B83800FF59FBB323",26.09,"SHOT",1,"08ABA9CF637011E5B83800FF59FBB323","0000-00-00 00:00:00","2015-09-25 18:31:35"
"","Fundador Exclu Reg","3DB3F09F636311E5B83800FF59FBB323",64.35,"SHOT",1,"08AC4166637011E5B83800FF59FBB323","0000-00-00 00:00:00","2015-09-25 18:31:35"
"","Fundador Gold Reg","3DB3F09F636311E5B83800FF59FBB323",26.09,"SHOT",1,"08ACF8EB637011E5B83800FF59FBB323","0000-00-00 00:00:00","2015-09-25 18:31:35"
"","Fundador Liter","3DB3F09F636311E5B83800FF59FBB323",15.76,"SHOT",1,"08ADA1A3637011E5B83800FF59FBB323","0000-00-00 00:00:00","2015-09-25 18:31:35"
"","Marlboro Black 10's","3E0380D3636311E5B83800FF59FBB323",28.35,"PACK",1,"08AE3817637011E5B83800FF59FBB323","0000-00-00 00:00:00","2015-09-25 18:31:35"
"","Fundador Regular","3DB3F09F636311E5B83800FF59FBB323",16.09,"SHOT",1,"08AEE4BD637011E5B83800FF59FBB323","0000-00-00 00:00:00","2015-09-25 18:31:35"
"","Henessy VSOP","3DB3F09F636311E5B83800FF59FBB323",89.40,"SHOT",1,"08AF9860637011E5B83800FF59FBB323","0000-00-00 00:00:00","2015-09-25 18:31:35"
"","Henessy XO","3DB3F09F636311E5B83800FF59FBB323",326.09,"SHOT",1,"08B03B4A637011E5B83800FF59FBB323","0000-00-00 00:00:00","2015-09-25 18:31:35"
"","Local Brandy","3DB3F09F636311E5B83800FF59FBB323",0.00,"SHOT",1,"08B0B50D637011E5B83800FF59FBB323","0000-00-00 00:00:00","2015-09-25 18:31:35"
"","Remy Martin VSOP","3DB3F09F636311E5B83800FF59FBB323",84.78,"SHOT",1,"08B1140D637011E5B83800FF59FBB323","0000-00-00 00:00:00","2015-09-25 18:31:35"
"","Remy Martin XO","3DB3F09F636311E5B83800FF59FBB323",198.00,"SHOT",1,"08B16DF4637011E5B83800FF59FBB323","0000-00-00 00:00:00","2015-09-25 18:31:35"
"","Local Gin","3DB74BFE636311E5B83800FF59FBB323",9.13,"SHOT",1,"08B1E6C9637011E5B83800FF59FBB323","0000-00-00 00:00:00","2015-09-25 18:31:35"
"","Tanqueray","3DB74BFE636311E5B83800FF59FBB323",31.60,"SHOT",1,"08B241FC637011E5B83800FF59FBB323","0000-00-00 00:00:00","2015-09-25 18:31:35"
"","Amaretto","3DB878BD636311E5B83800FF59FBB323",6.60,"SHOT",1,"08B2A946637011E5B83800FF59FBB323","0000-00-00 00:00:00","2015-09-25 18:31:35"
"","Baileys Liter","3DB878BD636311E5B83800FF59FBB323",23.20,"SHOT",1,"08B30330637011E5B83800FF59FBB323","0000-00-00 00:00:00","2015-09-25 18:31:35"
"","Marlboro Lights 10's","3E0380D3636311E5B83800FF59FBB323",27.80,"PACK",1,"08B35BCE637011E5B83800FF59FBB323","0000-00-00 00:00:00","2015-09-25 18:31:35"
"","Baileys Regular","3DB878BD636311E5B83800FF59FBB323",36.96,"SHOT",1,"08B3D46E637011E5B83800FF59FBB323","0000-00-00 00:00:00","2015-09-25 18:31:35"
"","Cointreau","3DB878BD636311E5B83800FF59FBB323",39.60,"SHOT",1,"08B43733637011E5B83800FF59FBB323","0000-00-00 00:00:00","2015-09-25 18:31:35"
"","GoldSchlager","3DB878BD636311E5B83800FF59FBB323",0.00,"SHOT",1,"08B4908A637011E5B83800FF59FBB323","0000-00-00 00:00:00","2015-09-25 18:31:35"
"","Kahlua","3DB878BD636311E5B83800FF59FBB323",25.22,"SHOT",1,"08B4EC44637011E5B83800FF59FBB323","0000-00-00 00:00:00","2015-09-25 18:31:35"
"","Triple Sec","3DB878BD636311E5B83800FF59FBB323",7.40,"SHOT",1,"08B54990637011E5B83800FF59FBB323","0000-00-00 00:00:00","2015-09-25 18:31:35"
"","Lime Juice","3DBAA482636311E5B83800FF59FBB323",3.26,"SHOT",1,"08B5A769637011E5B83800FF59FBB323","0000-00-00 00:00:00","2015-09-25 18:31:35"
"","Blue Curacao","3DBB8E18636311E5B83800FF59FBB323",6.60,"SHOT",1,"08B601EF637011E5B83800FF59FBB323","0000-00-00 00:00:00","2015-09-25 18:31:35"
"","Cali 10","3DBB8E18636311E5B83800FF59FBB323",14.50,"BOT",1,"08B65B77637011E5B83800FF59FBB323","0000-00-00 00:00:00","2015-09-25 18:31:35"
"","Cali Ice","3DBB8E18636311E5B83800FF59FBB323",17.79,"BOT",1,"08B6B824637011E5B83800FF59FBB323","0000-00-00 00:00:00","2015-09-25 18:31:35"
"","Cali Shandy","3DBB8E18636311E5B83800FF59FBB323",17.79,"BOT",1,"08B71B09637011E5B83800FF59FBB323","0000-00-00 00:00:00","2015-09-25 18:31:35"
"","Marlboro Lights Loc.","3E0380D3636311E5B83800FF59FBB323",53.60,"PACK",1,"08B772AC637011E5B83800FF59FBB323","0000-00-00 00:00:00","2015-09-25 18:31:35"
"","Coffee","3DBB8E18636311E5B83800FF59FBB323",1.95,"SACHET",1,"08B7CB77637011E5B83800FF59FBB323","0000-00-00 00:00:00","2015-09-25 18:31:35"
"","Grenadine","3DBB8E18636311E5B83800FF59FBB323",6.87,"SHOT",1,"08B82358637011E5B83800FF59FBB323","0000-00-00 00:00:00","2015-09-25 18:31:35"
"","Bacardi Gold","3DC0D919636311E5B83800FF59FBB323",11.40,"SHOT",1,"08B879A3637011E5B83800FF59FBB323","0000-00-00 00:00:00","2015-09-25 18:31:36"
"","Bacardi Light Rhum","3DC0D919636311E5B83800FF59FBB323",10.00,"SHOT",1,"08B8F863637011E5B83800FF59FBB323","0000-00-00 00:00:00","2015-09-25 18:31:36"
"","Local Rhum","3DC0D919636311E5B83800FF59FBB323",3.40,"SHOT",1,"08B953E4637011E5B83800FF59FBB323","0000-00-00 00:00:00","2015-09-25 18:31:36"
"","Malibu","3DC0D919636311E5B83800FF59FBB323",23.60,"SHOT",1,"08B9AECD637011E5B83800FF59FBB323","0000-00-00 00:00:00","2015-09-25 18:31:36"
"","7-UP 500ml","3DC1FC28636311E5B83800FF59FBB323",12.50,"BOT",1,"08BA0B96637011E5B83800FF59FBB323","0000-00-00 00:00:00","2015-09-25 18:31:36"
"","7-Up","3DC1FC28636311E5B83800FF59FBB323",20.50,"CAN",1,"08BA6275637011E5B83800FF59FBB323","0000-00-00 00:00:00","2015-09-25 18:31:36"
"","7-Up Light","3DC1FC28636311E5B83800FF59FBB323",18.00,"CAN",1,"08BABBC7637011E5B83800FF59FBB323","0000-00-00 00:00:00","2015-09-25 18:31:36"
"","Coke","3DC1FC28636311E5B83800FF59FBB323",41.95,"CAN",1,"08BB1492637011E5B83800FF59FBB323","0000-00-00 00:00:00","2015-09-25 18:31:36"
"","Marlboro Menthol","3E0380D3636311E5B83800FF59FBB323",53.60,"PACK",1,"08BB6C5B637011E5B83800FF59FBB323","0000-00-00 00:00:00","2015-09-25 18:31:36"
"","Coke 500ml","3DC1FC28636311E5B83800FF59FBB323",14.90,"BOT",1,"08BBC5B1637011E5B83800FF59FBB323","0000-00-00 00:00:00","2015-09-25 18:31:36"
"","Coke Light","3DC1FC28636311E5B83800FF59FBB323",21.33,"CAN",1,"08BC21A1637011E5B83800FF59FBB323","0000-00-00 00:00:00","2015-09-25 18:31:36"
"","Coke Zero","3DC1FC28636311E5B83800FF59FBB323",44.50,"CAN",1,"08BC7DDB637011E5B83800FF59FBB323","0000-00-00 00:00:00","2015-09-25 18:31:36"
"","Coke Zero 500ml","3DC1FC28636311E5B83800FF59FBB323",20.83,"BOT",1,"08BCD63B637011E5B83800FF59FBB323","0000-00-00 00:00:00","2015-09-25 18:31:36"
"","Gatorade Blue","3DC1FC28636311E5B83800FF59FBB323",28.00,"BOT",1,"08BD2EDD637011E5B83800FF59FBB323","0000-00-00 00:00:00","2015-09-25 18:31:36"
"","Gatorade Grapes","3DC1FC28636311E5B83800FF59FBB323",28.00,"BOT",1,"08BD8844637011E5B83800FF59FBB323","0000-00-00 00:00:00","2015-09-25 18:31:36"
"","Gatorade Lemon","3DC1FC28636311E5B83800FF59FBB323",28.00,"BOT",1,"08BDE48E637011E5B83800FF59FBB323","0000-00-00 00:00:00","2015-09-25 18:31:36"
"","Gatorade Orange","3DC1FC28636311E5B83800FF59FBB323",28.00,"BOT",1,"08BE401B637011E5B83800FF59FBB323","0000-00-00 00:00:00","2015-09-25 18:31:36"
"","Gatorade Pink","3DC1FC28636311E5B83800FF59FBB323",28.00,"BOT",1,"08BE97FC637011E5B83800FF59FBB323","0000-00-00 00:00:00","2015-09-25 18:31:36"
"","Gatorade Tropical","3DC1FC28636311E5B83800FF59FBB323",28.00,"BOT",1,"08BEEB6C637011E5B83800FF59FBB323","0000-00-00 00:00:00","2015-09-25 18:31:36"
